Workbook

Sheet CSE
A1: S.no | B1: Roll Number | C1: Name | D1: 6M Internship | E1: First Company Placed | F1: Package | G1: Second Company Placed | H1: Package | I1: Third Company Placed | J1: Package | K1: Fourth Company Placed | L1: Package | M1: Fifth Company Placed | N1: Package | O1: Sixth Company Placed | P1: Package | Q1: Seventh Company Placed | R1: Package | S1: Eighth Company Placed | T1: Package | U1: Ninth Company Placed | V1: Package
A2: 1 | B2: ='CSE1'!B2 -> 160118733001 | C2: ='CSE1'!C2 -> Chaitanya Changala | D2: ='CSE1'!D2 -> YES | E2: ='CSE1'!E2 -> GAP | F2: ='CSE1'!F2 -> 9.08 LPA | G2: ='CSE1'!G2 -> Cognizant GenC Elevate | H2: ='CSE1'!H2 -> 4 LPA | I2: ='CSE1'!I2 | ... U2: ='CSE1'!U2
A3: 2 | B3: ='CSE1'!B3 -> 160118733002 | C3: ='CSE1'!C3 -> Begari Deepthi | D3: ='CSE1'!D3 | E3: ='CSE1'!E3 -> Accenture (ASE) | F3: ='CSE1'!F3 -> 4.5 LPA | G3: ='CSE1'!G3 -> Modak Analytics | H3: ='CSE1'!H3 -> 6 LPA | I3: ='CSE1'!I3 -> Merilytics | ... U3: ='CSE1'!U3
A4: 3 | B4: ='CSE1'!B4 -> 160118733003 | C4: ='CSE1'!C4 -> Dharani Dadamoni | D4: ='CSE1'!D4 | E4: ='CSE1'!E4 -> LTI (Level 1) | F4: ='CSE1'!F4 -> 5 LPA | G4: ='CSE1'!G4 -> Wipro | H4: ='CSE1'!H4 -> 3.5 LPA | I4: ='CSE1'!I4 | ... U4: ='CSE1'!U4
A5: 4 | B5: ='CSE1'!B5 -> 160118733004 | C5: ='CSE1'!C5 -> Dharani V | D5: ='CSE1'!D5 -> YES | E5: ='CSE1'!E5 -> JPMC (PPO) | F5: ='CSE1'!F5 -> 14 LPA | G5: ='CSE1'!G5 | H5: ='CSE1'!H5 | I5: ='CSE1'!I5 | ... U5: ='CSE1'!U5
A6: 5 | B6: ='CSE1'!B6 -> 160118733005 | C6: ='CSE1'!C6 -> Vundavalli Gayathri Kanthi Lahari | D6: ='CSE1'!D6 -> YES | E6: ='CSE1'!E6 -> JPMC | F6: ='CSE1'!F6 -> 14 LPA | G6: ='CSE1'!G6 -> Infosys (SE) | H6: ='CSE1'!H6 -> 3.6 LPA | I6: ='CSE1'!I6 | ... U6: ='CSE1'!U6
A7: 6 | B7: ='CSE1'!B7 -> 160118733006 | C7: ='CSE1'!C7 -> Kokkirala Gouri Sirisha | D7: ='CSE1'!D7 -> YES | E7: ='CSE1'!E7 -> Cognizant GenC | F7: ='CSE1'!F7 -> 4 LPA | G7: ='CSE1'!G7 -> Next Education | H7: ='CSE1'!H7 -> 6 LPA | I7: ='CSE1'!I7 -> MTX | ... U7: ='CSE1'!U7
A8: 7 | B8: ='CSE1'!B8 -> 160118733007 | C8: ='CSE1'!C8 -> G. Greeshma | D8: ='CSE1'!D8 -> YES | E8: ='CSE1'!E8 -> Micron (MFG) | F8: ='CSE1'!F8 -> 8.1 LPA | G8: ='CSE1'!G8 | H8: ='CSE1'!H8 | I8: ='CSE1'!I8 | ... U8: ='CSE1'!U8
A9: 8 | B9: ='CSE1'!B9 -> 160118733008 | C9: ='CSE1'!C9 -> Lavanya Gandla | D9: ='CSE1'!D9 -> YES | E9: ='CSE1'!E9 -> LTI (Level 1) | F9: ='CSE1'!F9 -> 5 LPA | G9: ='CSE1'!G9 -> Wipro | H9: ='CSE1'!H9 -> 3.5 LPA | I9: ='CSE1'!I9 -> Next Education (Internship) | ... U9: ='CSE1'!U9
A10: 9 | B10: ='CSE1'!B10 -> 160118733009 | C10: ='CSE1'!C10 -> RATHOD MAHESHWARI | D10: ='CSE1'!D10 | E10: ='CSE1'!E10 | F10: ='CSE1'!F10 | G10: ='CSE1'!G10 | H10: ='CSE1'!H10 | I10: ='CSE1'!I10 | ... U10: ='CSE1'!U10
A11: 10 | B11: ='CSE1'!B11 -> 160118733010 | C11: ='CSE1'!C11 -> Katta Naga Shivani Reddy | D11: ='CSE1'!D11 -> YES | E11: ='CSE1'!E11 -> JPMC | F11: ='CSE1'!F11 -> 14 LPA | G11: ='CSE1'!G11 | H11: ='CSE1'!H11 | I11: ='CSE1'!I11 | ... U11: ='CSE1'!U11
A12: 11 | B12: ='CSE1'!B12 -> 160118733011 | C12: ='CSE1'!C12 -> Sai Annanya Sree Vedala | D12: ='CSE1'!D12 -> YES | E12: ='CSE1'!E12 -> JPMC (PPO) | F12: ='CSE1'!F12 -> 14 LPA | G12: ='CSE1'!G12 | H12: ='CSE1'!H12 | I12: ='CSE1'!I12 | ... U12: ='CSE1'!U12
A13: 12 | B13: ='CSE1'!B13 -> 160118733012 | C13: ='CSE1'!C13 -> Sai Prathyusha G | D13: ='CSE1'!D13 -> YES | E13: ='CSE1'!E13 -> JPMC (PPO) | F13: ='CSE1'!F13 -> 14 LPA | G13: ='CSE1'!G13 -> F5 Inc | H13: ='CSE1'!H13 -> 23 LPA | I13: ='CSE1'!I13 | ... U13: ='CSE1'!U13
A14: 13 | B14: ='CSE1'!B14 -> 160118733013 | C14: ='CSE1'!C14 -> Sai sanjana reddy Vatte | D14: ='CSE1'!D14 | E14: ='CSE1'!E14 | F14: ='CSE1'!F14 | G14: ='CSE1'!G14 | H14: ='CSE1'!H14 | I14: ='CSE1'!I14 | ... U14: ='CSE1'!U14
A15: 14 | B15: ='CSE1'!B15 -> 160118733014 | C15: ='CSE1'!C15 -> Sirnam Sanjana | D15: ='CSE1'!D15 -> YES | E15: ='CSE1'!E15 -> JPMC | F15: ='CSE1'!F15 -> 14 LPA | G15: ='CSE1'!G15 -> Deloitte (Tax PPO) | H15: ='CSE1'!H15 -> 7.6 LPA | I15: ='CSE1'!I15 -> F5 Inc | J15: 23 LPA | K15: ='CSE1'!K15 | L15: ='CSE1'!L15 | M15: ='CSE1'!M15 | N15: ='CSE1'!N15 | O15: ='CSE1'!O15 | P15: ='CSE1'!P15 | Q15: ='CSE1'!Q15 | R15: ='CSE1'!R15 | ... U15: ='CSE1'!U15
A16: 15 | B16: ='CSE1'!B16 -> 160118733015 | C16: ='CSE1'!C16 -> Sanjana Varma Mudunuri | D16: ='CSE1'!D16 | E16: ='CSE1'!E16 | F16: ='CSE1'!F16 | G16: ='CSE1'!G16 | H16: ='CSE1'!H16 | I16: ='CSE1'!I16 | ... U16: ='CSE1'!U16
A17: 16 | B17: ='CSE1'!B17 -> 160118733016 | C17: ='CSE1'!C17 -> Sathvika Balabhadra | D17: ='CSE1'!D17 -> YES | E17: ='CSE1'!E17 -> Accenture (ASE) | F17: ='CSE1'!F17 -> 4.5 LPA | G17: ='CSE1'!G17 -> Cognizant GenC | H17: ='CSE1'!H17 -> 4 LPA | I17: ='CSE1'!I17 | ... U17: ='CSE1'!U17
A18: 17 | B18: ='CSE1'!B18 -> 160118733017 | C18: ='CSE1'!C18 -> Sheetal rao | D18: ='CSE1'!D18 | E18: ='CSE1'!E18 -> DBS | F18: ='CSE1'!F18 -> 8.5 LPA | G18: ='CSE1'!G18 | H18: ='CSE1'!H18 | I18: ='CSE1'!I18 | ... U18: ='CSE1'!U18
A19: 18 | B19: ='CSE1'!B19 -> 160118733018 | C19: ='CSE1'!C19 -> Shreya Maramreddy | D19: ='CSE1'!D19 | E19: ='CSE1'!E19 | F19: ='CSE1'!F19 | G19: ='CSE1'!G19 | H19: ='CSE1'!H19 | I19: ='CSE1'!I19 | ... U19: ='CSE1'!U19
A20: 19 | B20: ='CSE1'!B20 -> 160118733019 | C20: ='CSE1'!C20 -> Sudeeshna Deva | D20: ='CSE1'!D20 -> YES | E20: ='CSE1'!E20 -> LTI (Level 3) | F20: ='CSE1'!F20 -> 8 LPA | G20: ='CSE1'!G20 -> Accenture (ASE) | H20: ='CSE1'!H20 -> 4.5 LPA | I20: ='CSE1'!I20 -> Cognizant GenC Elevate | ... U20: ='CSE1'!U20
A21: 20 | B21: ='CSE1'!B21 -> 160118733020 | C21: ='CSE1'!C21 -> Mankala Sukritha | D21: ='CSE1'!D21 | E21: ='CSE1'!E21 -> SalesForce | F21: ='CSE1'!F21 -> 19.65 LPA | G21: ='CSE1'!G21 | H21: ='CSE1'!H21 | I21: ='CSE1'!I21 | ... U21: ='CSE1'!U21
A22: 21 | B22: ='CSE1'!B22 -> 160118733021 | C22: ='CSE1'!C22 -> Dara Supriya | D22: ='CSE1'!D22 | E22: ='CSE1'!E22 -> Deloitte (Consulting) | F22: ='CSE1'!F22 -> 7.6 LPA | G22: ='CSE1'!G22 | H22: ='CSE1'!H22 | I22: ='CSE1'!I22 | ... U22: ='CSE1'!U22
A23: 22 | B23: ='CSE1'!B23 -> 160118733022 | C23: ='CSE1'!C23 -> Supriya Kaluri | D23: ='CSE1'!D23 -> YES | E23: ='CSE1'!E23 -> LTI (Level 2) | F23: ='CSE1'!F23 -> 6.5 LPA | G23: ='CSE1'!G23 -> Accenture (ASE) | H23: ='CSE1'!H23 -> 4.5 LPA | I23: ='CSE1'!I23 -> Amazon (Internship) | ... U23: ='CSE1'!U23
A24: 23 | B24: ='CSE1'!B24 -> 160118733023 | C24: ='CSE1'!C24 -> Sushma M | D24: ='CSE1'!D24 | E24: ='CSE1'!E24 -> Deloitte (Consulting) | F24: ='CSE1'!F24 -> 7.6 LPA | G24: ='CSE1'!G24 | H24: ='CSE1'!H24 | I24: ='CSE1'!I24 | ... U24: ='CSE1'!U24
A25: 24 | B25: ='CSE1'!B25 -> 160118733024 | C25: ='CSE1'!C25 -> Mohammed Abdul Muhaymin | D25: ='CSE1'!D25 | E25: ='CSE1'!E25 -> Deloitte (Consulting) | F25: ='CSE1'!F25 -> 7.6 LPA | G25: ='CSE1'!G25 | H25: ='CSE1'!H25 | I25: ='CSE1'!I25 | ... U25: ='CSE1'!U25
A26: 25 | B26: ='CSE1'!B26 -> 160118733025 | C26: ='CSE1'!C26 -> Muzzammil Ahmed | D26: ='CSE1'!D26 -> YES | E26: ='CSE1'!E26 -> Cognizant GenC Next | F26: ='CSE1'!F26 -> 6.75 LPA | G26: ='CSE1'!G26 -> Barclays | H26: ='CSE1'!H26 -> 12.73 LPA | I26: ='CSE1'!I26 -> Infosys (SE) | ... U26: ='CSE1'!U26
A27: 26 | B27: ='CSE1'!B27 -> 160118733026 | C27: ='CSE1'!C27 -> Akshay Kumar Malathkar | D27: ='CSE1'!D27 -> YES | E27: ='CSE1'!E27 -> Accelerize 360 | F27: ='CSE1'!F27 -> 7 LPA | G27: ='CSE1'!G27 -> Infosys (SE) | H27: ='CSE1'!H27 -> 3.6 LPA | I27: ='CSE1'!I27 -> VISA | ... U27: ='CSE1'!U27
... A74: 73 | B74: ='CSE1'!B74 | C74: ='CSE1'!C74 | D74: ='CSE1'!D74 | E74: ='CSE1'!E74 | F74: ='CSE1'!F74 | G74: ='CSE1'!G74 | H74: ='CSE1'!H74 | I74: ='CSE1'!I74 | ... U74: ='CSE1'!U74
A75: 74 | B75: ='CSE2'!B2 -> 160118733061 | C75: ='CSE2'!C2 -> Akhila Patlolla | D75: ='CSE2'!D2 | E75: ='CSE2'!E2 -> Wipro | F75: ='CSE2'!F2 -> 3.5 LPA | G75: ='CSE2'!G2 -> Mu Sigma | H75: ='CSE2'!H2 -> 3.5 LPA | I75: ='CSE2'!I2 | ... U75: ='CSE2'!U2
A76: 75 | B76: ='CSE2'!B3 -> 160118733062 | C76: ='CSE2'!C3 -> Bhavishya Agarwal | D76: ='CSE2'!D3 -> YES | E76: ='CSE2'!E3 -> SalesForce | F76: ='CSE2'!F3 -> 19.65 LPA | G76: ='CSE2'!G3 -> Infosys (SE) | H76: ='CSE2'!H3 -> 3.6 LPA | I76: ='CSE2'!I3 -> Caspian Debt (Internship) | ... U76: ='CSE2'!U3
A77: 76 | B77: ='CSE2'!B4 -> 160118733063 | C77: ='CSE2'!C4 -> Harshitha Dendeti | D77: ='CSE2'!D4 -> YES | E77: ='CSE2'!E4 -> Cognizant GenC Elevate | F77: ='CSE2'!F4 -> 4 LPA | G77: ='CSE2'!G4 | H77: ='CSE2'!H4 | I77: ='CSE2'!I4 | ... U77: ='CSE2'!U4
A78: 77 | B78: ='CSE2'!B5 -> 160118733064 | C78: ='CSE2'!C5 -> Jahnavi Jonnalagadda | D78: ='CSE2'!D5 | E78: ='CSE2'!E5 -> Advance Auto Parts (PPO) | F78: ='CSE2'!F5 -> 9 LPA | G78: ='CSE2'!G5 -> F5 Inc | H78: ='CSE2'!H5 -> 23 LPA | I78: ='CSE2'!I5 | ... U78: ='CSE2'!U5
A79: 78 | B79: ='CSE2'!B6 -> 160118733065 | C79: ='CSE2'!C6 -> Keerthi Boya | D79: ='CSE2'!D6 -> YES | E79: ='CSE2'!E6 -> Accenture (ASE) | F79: ='CSE2'!F6 -> 4.5 LPA | G79: ='CSE2'!G6 -> Wipro | H79: ='CSE2'!H6 -> 3.5 LPA | I79: ='CSE2'!I6 -> Collins Aerospace (Internship) | ... L79: ='CSE2'!L6 -> 5.7 LPA | M79: Loyalty Juggernaut Inc | N79: 7LPA | O79: ='CSE2'!O6 -> Head Digital Works | P79: ='CSE2'!P6 -> 12 LPA | Q79: ='CSE2'!Q6 | R79: ='CSE2'!R6 | S79: ='CSE2'!S6 | T79: ='CSE2'!T6 | U79: ='CSE2'!U6
A80: 79 | B80: ='CSE2'!B7 -> 160118733066 | C80: ='CSE2'!C7 -> Kini Sanjula Dasari | D80: ='CSE2'!D7 | E80: ='CSE2'!E7 -> Deloitte (Consulting) | F80: ='CSE2'!F7 -> 7.6 LPA | G80: ='CSE2'!G7 -> Barclays | H80: ='CSE2'!H7 -> 12.73 LPA | I80: ='CSE2'!I7 | ... U80: ='CSE2'!U7
A81: 80 | B81: ='CSE2'!B8 -> 160118733067 | C81: ='CSE2'!C8 -> Komali Beeram | D81: ='CSE2'!D8 -> YES | E81: ='CSE2'!E8 -> Accelerize 360 | F81: ='CSE2'!F8 -> 7 LPA | G81: ='CSE2'!G8 -> Cognizant GenC Next | H81: ='CSE2'!H8 -> 6.75 LPA | I81: ='CSE2'!I8 -> GE Appliances (Internship) | ... U81: ='CSE2'!U8
A82: 81 | B82: ='CSE2'!B9 -> 160118733068 | C82: ='CSE2'!C9 -> Manasa Motepalli | D82: ='CSE2'!D9 -> YES | E82: ='CSE2'!E9 -> Accenture (ASE) | F82: ='CSE2'!F9 -> 4.5 LPA | G82: ='CSE2'!G9 -> Cognizant GenC | H82: ='CSE2'!H9 -> 4 LPA | I82: ='CSE2'!I9 -> Capgemini (Analyst) | ... U82: ='CSE2'!U9
A83: 82 | B83: ='CSE2'!B10 -> 160118733069 | C83: ='CSE2'!C10 -> Rizmi Nawaz Sowdhagar | D83: ='CSE2'!D10 | E83: ='CSE2'!E10 -> Wipro | F83: ='CSE2'!F10 -> 3.5 LPA | G83: ='CSE2'!G10 -> HCL | H83: ='CSE2'!H10 -> 4.5 LPA | I83: ='CSE2'!I10 | ... U83: ='CSE2'!U10
A84: 83 | B84: ='CSE2'!B11 -> 160118733070 | C84: ='CSE2'!C11 -> Neha Bhupathi | D84: ='CSE2'!D11 -> YES | E84: ='CSE2'!E11 -> Collins Aerospace (Internship) | F84: ='CSE2'!F11 -> 15k | G84: ='CSE2'!G11 | H84: ='CSE2'!H11 | I84: ='CSE2'!I11 | ... U84: ='CSE2'!U11
A85: 84 | B85: ='CSE2'!B12 -> 160118733071 | C85: ='CSE2'!C12 -> Nishitha Garlapati | D85: ='CSE2'!D12 -> YES | E85: ='CSE2'!E12 -> JPMC (PPO) | F85: ='CSE2'!F12 -> 14 LPA | G85: ='CSE2'!G12 | H85: ='CSE2'!H12 | I85: ='CSE2'!I12 | ... U85: ='CSE2'!U12
A86: 85 | B86: ='CSE2'!B13 -> 160118733072 | C86: ='CSE2'!C13 -> Niveditha Kalva | D86: ='CSE2'!D13 -> YES | E86: ='CSE2'!E13 -> Micron (IT Operations) | F86: ='CSE2'!F13 -> 8.1 LPA | G86: ='CSE2'!G13 | H86: ='CSE2'!H13 | I86: ='CSE2'!I13 | ... U86: ='CSE2'!U13
A87: 86 | B87: ='CSE2'!B14 -> 160118733073 | C87: ='CSE2'!C14 -> Pallavi Maragari | D87: ='CSE2'!D14 -> YES | E87: ='CSE2'!E14 -> ServiceNow | F87: ='CSE2'!F14 -> 25 LPA | G87: ='CSE2'!G14 | H87: ='CSE2'!H14 | I87: ='CSE2'!I14 | ... U87: ='CSE2'!U14
A88: 87 | B88: ='CSE2'!B15 -> 160118733075 | C88: ='CSE2'!C15 -> Ramya Perumandla | D88: ='CSE2'!D15 -> YES | E88: ='CSE2'!E15 -> Cognizant GenC Elevate | F88: ='CSE2'!F15 -> 4 LPA | G88: ='CSE2'!G15 -> LTI (Level 2) | H88: ='CSE2'!H15 -> 6.5 LPA | I88: ='CSE2'!I15 -> Wipro | ... U88: ='CSE2'!U15
A89: 88 | B89: ='CSE2'!B16 -> 160118733076 | C89: ='CSE2'!C16 -> Saikeerthana Akella | D89: ='CSE2'!D16 -> YES | E89: ='CSE2'!E16 -> JPMC (PPO) | F89: ='CSE2'!F16 -> 14 LPA | G89: ='CSE2'!G16 | H89: ='CSE2'!H16 | I89: ='CSE2'!I16 | ... U89: ='CSE2'!U16
A90: 89 | B90: ='CSE2'!B17 -> 160118733077 | C90: ='CSE2'!C17 -> G Saketha | D90: ='CSE2'!D17 -> YES | E90: ='CSE2'!E17 -> Searce (ML Engineer) | F90: ='CSE2'!F17 -> 7.5 LPA | G90: ='CSE2'!G17 -> Cognizant GenC Next | H90: ='CSE2'!H17 -> 6.75 LPA | I90: ='CSE2'!I17 | ... U90: ='CSE2'!U17
A91: 90 | B91: ='CSE2'!B18 -> 160118733078 | C91: ='CSE2'!C18 -> Sanya Tahsin Mohammed | D91: ='CSE2'!D18 -> YES | E91: ='CSE2'!E18 -> Cognizant GenC Elevate | F91: ='CSE2'!F18 -> 4 LPA | G91: ='CSE2'!G18 -> Virtusa | H91: ='CSE2'!H18 -> $45K | I91: ='CSE2'!I18 | ... U91: ='CSE2'!U18
A92: 91 | B92: ='CSE2'!B19 -> 160118733079 | C92: ='CSE2'!C19 -> G.Satvika Reddy | D92: ='CSE2'!D19 -> YES | E92: ='CSE2'!E19 -> JPMC (PPO) | F92: ='CSE2'!F19 -> 14 LPA | G92: ='CSE2'!G19 | H92: ='CSE2'!H19 | I92: ='CSE2'!I19 | ... U92: ='CSE2'!U19
A93: 92 | B93: ='CSE2'!B20 -> 160118733080 | C93: ='CSE2'!C20 -> Siri Chandana Desiraju | D93: ='CSE2'!D20 -> YES | E93: ='CSE2'!E20 -> Advance Auto Parts (PPO) | F93: ='CSE2'!F20 -> 9 LPA | G93: ='CSE2'!G20 -> Futures First (Internship) | H93: ='CSE2'!H20 -> 20K | I93: ='CSE2'!I20 | ... L93: ='CSE2'!L20 | O93: ='CSE2'!O20 | P93: ='CSE2'!P20 | Q93: ='CSE2'!Q20 | R93: ='CSE2'!R20 | S93: ='CSE2'!S20 | T93: ='CSE2'!T20 | U93: ='CSE2'!U20
A94: 93 | B94: ='CSE2'!B21 -> 160118733081 | C94: ='CSE2'!C21 -> Soumya Vemuri | D94: ='CSE2'!D21 -> YES | E94: ='CSE2'!E21 -> JPMC (PPO) | F94: ='CSE2'!F21 -> 14 LPA | G94: ='CSE2'!G21 | H94: ='CSE2'!H21 | I94: ='CSE2'!I21 | ... U94: ='CSE2'!U21
A95: 94 | B95: ='CSE2'!B22 -> 160118733083 | C95: ='CSE2'!C22 -> Nunavath Swathi | D95: ='CSE2'!D22 | E95: ='CSE2'!E22 | F95: ='CSE2'!F22 | G95: ='CSE2'!G22 | H95: ='CSE2'!H22 | I95: ='CSE2'!I22 | ... U95: ='CSE2'!U22
A96: 95 | B96: ='CSE2'!B23 -> 160118733084 | C96: ='CSE2'!C23 -> Asfiya Tabassum | D96: ='CSE2'!D23 -> YES | E96: ='CSE2'!E23 -> Cognizant GenC Next | F96: ='CSE2'!F23 -> 6.75 LPA | G96: ='CSE2'!G23 -> Barclays | H96: ='CSE2'!H23 -> 12.73 LPA | I96: ='CSE2'!I23 -> Infosys (SE) | ... U96: ='CSE2'!U23
A97: 96 | B97: ='CSE2'!B24 -> 160118733085 | C97: ='CSE2'!C24 -> Tejaswini Jakka | D97: ='CSE2'!D24 -> YES | E97: ='CSE2'!E24 -> Deloitte (Consulting) | F97: ='CSE2'!F24 -> 7.6 LPA | G97: ='CSE2'!G24 -> Barclays | H97: ='CSE2'!H24 -> 12.73 LPA | I97: ='CSE2'!I24 -> Darwin Box (Internship) | ... U97: ='CSE2'!U24
A98: 97 | B98: ='CSE2'!B25 -> 160118733086 | C98: ='CSE2'!C25 -> K Tina | D98: ='CSE2'!D25 -> YES | E98: ='CSE2'!E25 -> PwC Acceleration Center | F98: ='CSE2'!F25 -> 6 LPA | G98: ='CSE2'!G25 -> Mu Sigma | H98: ='CSE2'!H25 -> 3.5 LPA | I98: ='CSE2'!I25 | ... U98: ='CSE2'!U25
A99: 98 | B99: ='CSE2'!B26 -> 160118733087 | C99: ='CSE2'!C26 -> Aayush Shah | D99: ='CSE2'!D26 -> YES | E99: ='CSE2'!E26 -> Deloitte (Tax) | F99: ='CSE2'!F26 -> 7.6 LPA | G99: ='CSE2'!G26 -> Amazon (Internship) | H99: ='CSE2'!H26 -> 50k | I99: ='CSE2'!I26 | ... U99: ='CSE2'!U26
A100: 99 | B100: ='CSE2'!B27 -> 160118733088 | C100: ='CSE2'!C27 -> M Abhishek | D100: ='CSE2'!D27 | E100: ='CSE2'!E27 -> Infosys (PP) | F100: ='CSE2'!F27 -> 8 LPA | G100: ='CSE2'!G27 -> Modak Analytics | H100: ='CSE2'!H27 -> 6 LPA | I100: ='CSE2'!I27 | ... U100: ='CSE2'!U27
A101: 100 | B101: ='CSE2'!B28 -> 160118733089 | C101: ='CSE2'!C28 -> Tariq Ahmed | D101: ='CSE2'!D28 | E101: ='CSE2'!E28 | F101: ='CSE2'!F28 | G101: ='CSE2'!G28 | H101: ='CSE2'!H28 | I101: ='CSE2'!I28 | ... U101: ='CSE2'!U28
A102: 101 | B102: ='CSE2'!B29 -> 160118733091 | C102: ='CSE2'!C29 -> Akash Reddy Jammula | D102: ='CSE2'!D29 -> YES | E102: ='CSE2'!E29 -> Cognizant GenC Elevate | F102: ='CSE2'!F29 -> 4 LPA | G102: ='CSE2'!G29 -> Modak Analytics | H102: ='CSE2'!H29 -> 6 LPA | I102: ='CSE2'!I29 -> LTI (Level 3) | ... U102: ='CSE2'!U29
A103: 102 | B103: ='CSE2'!B30 -> 160118733092 | C103: ='CSE2'!C30 -> Hussain Aziz Ahmed | D103: ='CSE2'!D30 | E103: ='CSE2'!E30 | F103: ='CSE2'!F30 | G103: ='CSE2'!G30 | H103: ='CSE2'!H30 | I103: ='CSE2'!I30 | ... U103: ='CSE2'!U30
A104: 103 | B104: ='CSE2'!B31 -> 160118733093 | C104: ='CSE2'!C31 -> Dinesh Rayala | D104: ='CSE2'!D31 -> YES | E104: ='CSE2'!E31 -> Accolite | F104: ='CSE2'!F31 -> 8 LPA | G104: ='CSE2'!G31 -> Darwin Box (Internship) | H104: ='CSE2'!H31 -> 25K | I104: ='CSE2'!I31 -> Infosys (DSE) | ... U104: ='CSE2'!U31
A105: 104 | B105: ='CSE2'!B32 -> 160118733094 | C105: ='CSE2'!C32 -> Durgaprasad Reddy Gondesi | D105: ='CSE2'!D32 -> YES | E105: ='CSE2'!E32 -> Searce (Software Engineer) | F105: ='CSE2'!F32 -> 7.5 LPA | G105: ='CSE2'!G32 -> CareAllianz | H105: ='CSE2'!H32 -> 11 LPA | I105: ='CSE2'!I32 | ... U105: ='CSE2'!U32
... A144: 143 | B144: ='CSE2'!B71 -> 160117733321 | C144: ='CSE2'!C71 -> Adulla Rakesh Kumar | D144: ='CSE2'!D71 | E144: ='CSE2'!E71 | F144: ='CSE2'!F71 | G144: ='CSE2'!G71 | H144: ='CSE2'!H71 | I144: ='CSE2'!I71 | ... U144: ='CSE2'!U71
A145: 144 | B145: ='CSE3'!B2 -> 160118733121 | C145: ='CSE3'!C2 -> Aishwarya Jaini | D145: ='CSE3'!D2 -> YES | E145: ='CSE3'!E2 -> JPMC | F145: ='CSE3'!F2 -> 14 LPA | G145: ='CSE3'!G2 | H145: ='CSE3'!H2 | I145: ='CSE3'!I2 | ... U145: ='CSE3'!U2
A146: 145 | B146: ='CSE3'!B3 -> 160118733122 | C146: ='CSE3'!C3 -> Aishwarya Mamidi | D146: ='CSE3'!D3 -> YES | E146: ='CSE3'!E3 -> JPMC (PPO) | F146: ='CSE3'!F3 -> 14 LPA | G146: ='CSE3'!G3 -> Infosys (SE) | H146: ='CSE3'!H3 -> 3.6 LPA | I146: ='CSE3'!I3 | ... U146: ='CSE3'!U3
A147: 146 | B147: ='CSE3'!B4 -> 160118733123 | C147: ='CSE3'!C4 -> Amulya Usem | D147: ='CSE3'!D4 -> YES | E147: ='CSE3'!E4 -> JPMC (PPO) | F147: ='CSE3'!F4 -> 14 LPA | G147: ='CSE3'!G4 | H147: ='CSE3'!H4 | I147: ='CSE3'!I4 | ... U147: ='CSE3'!U4
A148: 147 | B148: ='CSE3'!B5 -> 160118733124 | C148: ='CSE3'!C5 -> Anna Florence Veluvali | D148: ='CSE3'!D5 | E148: ='CSE3'!E5 | F148: ='CSE3'!F5 | G148: ='CSE3'!G5 | H148: ='CSE3'!H5 | I148: ='CSE3'!I5 | ... U148: ='CSE3'!U5
A149: 148 | B149: ='CSE3'!B6 -> 160118733125 | C149: ='CSE3'!C6 -> Venna Ashwitha Reddy | D149: ='CSE3'!D6 -> YES | E149: ='CSE3'!E6 -> Cognizant GenC | F149: ='CSE3'!F6 -> 4 LPA | G149: ='CSE3'!G6 -> DBS | H149: ='CSE3'!H6 -> 8.5 LPA | I149: ='CSE3'!I6 | ... U149: ='CSE3'!U6
A150: 149 | B150: ='CSE3'!B7 -> 160118733126 | C150: ='CSE3'!C7 -> Chandana Kalapally | D150: ='CSE3'!D7 -> YES | E150: ='CSE3'!E7 -> JPMC | F150: ='CSE3'!F7 -> 14 LPA | G150: ='CSE3'!G7 -> Amazon SDE (Internship) | H150: ='CSE3'!H7 -> 80k | I150: ='CSE3'!I7 -> F5 Inc | ... U150: ='CSE3'!U7
A151: 150 | B151: ='CSE3'!B8 -> 160118733127 | C151: ='CSE3'!C8 -> Neelagiri. Dharani | D151: ='CSE3'!D8 -> YES | E151: ='CSE3'!E8 -> Infosys (SE) | F151: ='CSE3'!F8 -> 3.6 LPA | G151: ='CSE3'!G8 -> PwC Acceleration Center | H151: ='CSE3'!H8 -> 6 LPA | I151: ='CSE3'!I8 | ... U151: ='CSE3'!U8
A152: 151 | B152: ='CSE3'!B9 -> 160118733128 | C152: ='CSE3'!C9 -> Jahnavi Garaga | D152: ='CSE3'!D9 -> YES | E152: ='CSE3'!E9 -> Accelerize 360 | F152: ='CSE3'!F9 -> 7 LPA | G152: ='CSE3'!G9 -> Infosys (DSE) | H152: ='CSE3'!H9 -> 6.25 LPA | I152: ='CSE3'!I9 -> Advance Auto Parts | ... U152: ='CSE3'!U9
A153: 152 | B153: ='CSE3'!B10 -> 160118733129 | C153: ='CSE3'!C10 -> Koneti Jaya Sriharshita | D153: ='CSE3'!D10 -> YES | E153: ='CSE3'!E10 -> JPMC | F153: ='CSE3'!F10 -> 14 LPA | G153: ='CSE3'!G10 | H153: ='CSE3'!H10 | I153: ='CSE3'!I10 | ... U153: ='CSE3'!U10
A154: 153 | B154: ='CSE3'!B11 -> 160118733130 | C154: ='CSE3'!C11 -> Kandi Jyoshna | D154: ='CSE3'!D11 -> YES | E154: ='CSE3'!E11 -> Accolite | F154: ='CSE3'!F11 -> 8 LPA | G154: ='CSE3'!G11 -> Barclays | H154: ='CSE3'!H11 -> 12.73 LPA | I154: ='CSE3'!I11 -> Frugal Testing | ... U154: ='CSE3'!U11
A155: 154 | B155: ='CSE3'!B12 -> 160118733131 | C155: ='CSE3'!C12 -> Lahari Madishetty | D155: ='CSE3'!D12 | E155: ='CSE3'!E12 -> Barclays | F155: ='CSE3'!F12 -> 12.73 LPA | G155: ='CSE3'!G12 -> Accenture (ASE) | H155: ='CSE3'!H12 -> 4.5 LPA | I155: ='CSE3'!I12 | ... U155: ='CSE3'!U12
A156: 155 | B156: ='CSE3'!B13 -> 160118733132 | C156: ='CSE3'!C13 -> Likitha dareddy | D156: ='CSE3'!D13 -> YES | E156: ='CSE3'!E13 -> Wipro | F156: ='CSE3'!F13 -> 3.5 LPA | G156: ='CSE3'!G13 -> MuSigma | H156: ='CSE3'!H13 -> 7.5 LPA | I156: ='CSE3'!I13 -> Accenture (internship) | ... U156: ='CSE3'!U13
... A215: 214 | B215: ='CSE3'!B72 | C215: ='CSE3'!C72 -> Total Number of Students Placed | D215: ='CSE3'!D72 -> 57 | E215: ='CSE3'!E72 | F215: ='CSE3'!F72 | G215: ='CSE3'!G72 | H215: ='CSE3'!H72 | I215: ='CSE3'!I72 | ... U215: ='CSE3'!U72

Sheet CSE1
A1: S. No | B1: Roll Number | C1: Name | D1: 6M Internship | E1: First Company Placed | F1: Package | G1: Second Company Placed | H1: Package | I1: Third Company Placed | J1: Package | K1: Fourth Company Placed | L1: Package | M1: Fifth Company Placed | N1: Package | O1: Sixth Company Placed | P1: Package | Q1: Seventh Company Placed | R1: Package | S1: Eighth Company Placed | T1: Package | U1: Ninth Company Placed | V1: Package | W1: Highest Package | X1: Eligibility
A2: 1 | B2: 160118733001 | C2: Chaitanya Changala | D2: YES | E2: GAP | F2: 9.08 LPA | G2: Cognizant GenC Elevate | H2: 4 LPA | W2: =IFERROR(__xludf.DUMMYFUNCTION("MAX(VALUE(IF(REGEXMATCH($F2, "" ""), LEFT($F2, (FIND("" "", $F2, 1) - 1)), 0)), VALUE(IF(REGEXMATCH($H2, "" ""), LEFT($H2, (FIND("" "", $H2, 1) - 1)), 0)), VALUE(IF(REGEXMATCH($J2, "" ""), LEFT($J2, (FIND("" "", $J2, 1) - 1)), 0)), VALUE(IF(REGEXMATCH($L2"&", "" ""), LEFT($L2, (FIND("" "", $L2, 1) - 1)), 0)), VALUE(IF(REGEXMATCH($N2, "" ""), LEFT($N2, (FIND("" "", $N2, 1) - 1)), 0)), VALUE(IF(REGEXMATCH($P2, "" ""), LEFT($P2, (FIND("" "", $P2, 1) - 1)), 0)), VALUE(IF(REGEXMATCH($R2, "" ""), LEFT($R2, (FIND("&""" "", $R2, 1) - 1)), 0)), VALUE(IF(REGEXMATCH($T2, "" ""), LEFT($T2, (FIND("" "", $T2, 1) - 1)), 0)), VALUE(IF(REGEXMATCH($V2, "" ""), LEFT($V2, (FIND("" "", $V2, 1) - 1)), 0)))"),9.08) -> 9.08 | X2: =$W2*1.25 -> 11.35
A3: 2 | B3: 160118733002 | C3: Begari Deepthi | E3: Accenture (ASE) | F3: 4.5 LPA | G3: Modak Analytics | H3: 6 LPA | I3: Merilytics | J3: 6.5 LPA | K3: Wipro | L3: 3.5 LPA | M3: DBS | N3: 8.5 LPA | W3: =IFERROR(__xludf.DUMMYFUNCTION("MAX(VALUE(IF(REGEXMATCH($F3, "" ""), LEFT($F3, (FIND("" "", $F3, 1) - 1)), 0)), VALUE(IF(REGEXMATCH($H3, "" ""), LEFT($H3, (FIND("" "", $H3, 1) - 1)), 0)), VALUE(IF(REGEXMATCH($J3, "" ""), LEFT($J3, (FIND("" "", $J3, 1) - 1)), 0)), VALUE(IF(REGEXMATCH($L3"&", "" ""), LEFT($L3, (FIND("" "", $L3, 1) - 1)), 0)), VALUE(IF(REGEXMATCH($N3, "" ""), LEFT($N3, (FIND("" "", $N3, 1) - 1)), 0)), VALUE(IF(REGEXMATCH($P3, "" ""), LEFT($P3, (FIND("" "", $P3, 1) - 1)), 0)), VALUE(IF(REGEXMATCH($R3, "" ""), LEFT($R3, (FIND("&""" "", $R3, 1) - 1)), 0)), VALUE(IF(REGEXMATCH($T3, "" ""), LEFT($T3, (FIND("" "", $T3, 1) - 1)), 0)), VALUE(IF(REGEXMATCH($V3, "" ""), LEFT($V3, (FIND("" "", $V3, 1) - 1)), 0)))"),8.5) -> 8.5 | X3: =$W3*1.25 -> 10.625
A4: 3 | B4: 160118733003 | C4: Dharani Dadamoni | E4: LTI (Level 1) | F4: 5 LPA | G4: Wipro | H4: 3.5 LPA | W4: =IFERROR(__xludf.DUMMYFUNCTION("MAX(VALUE(IF(REGEXMATCH($F4, "" ""), LEFT($F4, (FIND("" "", $F4, 1) - 1)), 0)), VALUE(IF(REGEXMATCH($H4, "" ""), LEFT($H4, (FIND("" "", $H4, 1) - 1)), 0)), VALUE(IF(REGEXMATCH($J4, "" ""), LEFT($J4, (FIND("" "", $J4, 1) - 1)), 0)), VALUE(IF(REGEXMATCH($L4"&", "" ""), LEFT($L4, (FIND("" "", $L4, 1) - 1)), 0)), VALUE(IF(REGEXMATCH($N4, "" ""), LEFT($N4, (FIND("" "", $N4, 1) - 1)), 0)), VALUE(IF(REGEXMATCH($P4, "" ""), LEFT($P4, (FIND("" "", $P4, 1) - 1)), 0)), VALUE(IF(REGEXMATCH($R4, "" ""), LEFT($R4, (FIND("&""" "", $R4, 1) - 1)), 0)), VALUE(IF(REGEXMATCH($T4, "" ""), LEFT($T4, (FIND("" "", $T4, 1) - 1)), 0)), VALUE(IF(REGEXMATCH($V4, "" ""), LEFT($V4, (FIND("" "", $V4, 1) - 1)), 0)))"),5.0) -> 5 | X4: =$W4*1.25 -> 6.25
A5: 4 | B5: 160118733004 | C5: Dharani V | D5: YES | E5: JPMC (PPO) | F5: 14 LPA | W5: =IFERROR(__xludf.DUMMYFUNCTION("MAX(VALUE(IF(REGEXMATCH($F5, "" ""), LEFT($F5, (FIND("" "", $F5, 1) - 1)), 0)), VALUE(IF(REGEXMATCH($H5, "" ""), LEFT($H5, (FIND("" "", $H5, 1) - 1)), 0)), VALUE(IF(REGEXMATCH($J5, "" ""), LEFT($J5, (FIND("" "", $J5, 1) - 1)), 0)), VALUE(IF(REGEXMATCH($L5"&", "" ""), LEFT($L5, (FIND("" "", $L5, 1) - 1)), 0)), VALUE(IF(REGEXMATCH($N5, "" ""), LEFT($N5, (FIND("" "", $N5, 1) - 1)), 0)), VALUE(IF(REGEXMATCH($P5, "" ""), LEFT($P5, (FIND("" "", $P5, 1) - 1)), 0)), VALUE(IF(REGEXMATCH($R5, "" ""), LEFT($R5, (FIND("&""" "", $R5, 1) - 1)), 0)), VALUE(IF(REGEXMATCH($T5, "" ""), LEFT($T5, (FIND("" "", $T5, 1) - 1)), 0)), VALUE(IF(REGEXMATCH($V5, "" ""), LEFT($V5, (FIND("" "", $V5, 1) - 1)), 0)))"),14.0) -> 14 | X5: =$W5*1.25 -> 17.5
A6: 5 | B6: 160118733005 | C6: Vundavalli Gayathri Kanthi Lahari | D6: YES | E6: JPMC | F6: 14 LPA | G6: Infosys (SE) | H6: 3.6 LPA | W6: =IFERROR(__xludf.DUMMYFUNCTION("MAX(VALUE(IF(REGEXMATCH($F6, "" ""), LEFT($F6, (FIND("" "", $F6, 1) - 1)), 0)), VALUE(IF(REGEXMATCH($H6, "" ""), LEFT($H6, (FIND("" "", $H6, 1) - 1)), 0)), VALUE(IF(REGEXMATCH($J6, "" ""), LEFT($J6, (FIND("" "", $J6, 1) - 1)), 0)), VALUE(IF(REGEXMATCH($L6"&", "" ""), LEFT($L6, (FIND("" "", $L6, 1) - 1)), 0)), VALUE(IF(REGEXMATCH($N6, "" ""), LEFT($N6, (FIND("" "", $N6, 1) - 1)), 0)), VALUE(IF(REGEXMATCH($P6, "" ""), LEFT($P6, (FIND("" "", $P6, 1) - 1)), 0)), VALUE(IF(REGEXMATCH($R6, "" ""), LEFT($R6, (FIND("&""" "", $R6, 1) - 1)), 0)), VALUE(IF(REGEXMATCH($T6, "" ""), LEFT($T6, (FIND("" "", $T6, 1) - 1)), 0)), VALUE(IF(REGEXMATCH($V6, "" ""), LEFT($V6, (FIND("" "", $V6, 1) - 1)), 0)))"),14.0) -> 14 | X6: =$W6*1.25 -> 17.5
A7: 6 | B7: 160118733006 | C7: Kokkirala Gouri Sirisha | D7: YES | E7: Cognizant GenC | F7: 4 LPA | G7: Next Education | H7: 6 LPA | I7: MTX | J7: 10.4 LPA | W7: =IFERROR(__xludf.DUMMYFUNCTION("MAX(VALUE(IF(REGEXMATCH($F7, "" ""), LEFT($F7, (FIND("" "", $F7, 1) - 1)), 0)), VALUE(IF(REGEXMATCH($H7, "" ""), LEFT($H7, (FIND("" "", $H7, 1) - 1)), 0)), VALUE(IF(REGEXMATCH($J7, "" ""), LEFT($J7, (FIND("" "", $J7, 1) - 1)), 0)), VALUE(IF(REGEXMATCH($L7"&", "" ""), LEFT($L7, (FIND("" "", $L7, 1) - 1)), 0)), VALUE(IF(REGEXMATCH($N7, "" ""), LEFT($N7, (FIND("" "", $N7, 1) - 1)), 0)), VALUE(IF(REGEXMATCH($P7, "" ""), LEFT($P7, (FIND("" "", $P7, 1) - 1)), 0)), VALUE(IF(REGEXMATCH($R7, "" ""), LEFT($R7, (FIND("&""" "", $R7, 1) - 1)), 0)), VALUE(IF(REGEXMATCH($T7, "" ""), LEFT($T7, (FIND("" "", $T7, 1) - 1)), 0)), VALUE(IF(REGEXMATCH($V7, "" ""), LEFT($V7, (FIND("" "", $V7, 1) - 1)), 0)))"),10.4) -> 10.4 | X7: =$W7*1.25 -> 13
A8: 7 | B8: 160118733007 | C8: G. Greeshma | D8: YES | E8: Micron (MFG) | F8: 8.1 LPA | W8: =IFERROR(__xludf.DUMMYFUNCTION("MAX(VALUE(IF(REGEXMATCH($F8, "" ""), LEFT($F8, (FIND("" "", $F8, 1) - 1)), 0)), VALUE(IF(REGEXMATCH($H8, "" ""), LEFT($H8, (FIND("" "", $H8, 1) - 1)), 0)), VALUE(IF(REGEXMATCH($J8, "" ""), LEFT($J8, (FIND("" "", $J8, 1) - 1)), 0)), VALUE(IF(REGEXMATCH($L8"&", "" ""), LEFT($L8, (FIND("" "", $L8, 1) - 1)), 0)), VALUE(IF(REGEXMATCH($N8, "" ""), LEFT($N8, (FIND("" "", $N8, 1) - 1)), 0)), VALUE(IF(REGEXMATCH($P8, "" ""), LEFT($P8, (FIND("" "", $P8, 1) - 1)), 0)), VALUE(IF(REGEXMATCH($R8, "" ""), LEFT($R8, (FIND("&""" "", $R8, 1) - 1)), 0)), VALUE(IF(REGEXMATCH($T8, "" ""), LEFT($T8, (FIND("" "", $T8, 1) - 1)), 0)), VALUE(IF(REGEXMATCH($V8, "" ""), LEFT($V8, (FIND("" "", $V8, 1) - 1)), 0)))"),8.1) -> 8.1 | X8: =$W8*1.25 -> 10.125
A9: 8 | B9: 160118733008 | C9: Lavanya Gandla | D9: YES | E9: LTI (Level 1) | F9: 5 LPA | G9: Wipro | H9: 3.5 LPA | I9: Next Education (Internship) | J9: 15k | K9: GAP | L9: 9.08 LPA | W9: =IFERROR(__xludf.DUMMYFUNCTION("MAX(VALUE(IF(REGEXMATCH($F9, "" ""), LEFT($F9, (FIND("" "", $F9, 1) - 1)), 0)), VALUE(IF(REGEXMATCH($H9, "" ""), LEFT($H9, (FIND("" "", $H9, 1) - 1)), 0)), VALUE(IF(REGEXMATCH($J9, "" ""), LEFT($J9, (FIND("" "", $J9, 1) - 1)), 0)), VALUE(IF(REGEXMATCH($L9"&", "" ""), LEFT($L9, (FIND("" "", $L9, 1) - 1)), 0)), VALUE(IF(REGEXMATCH($N9, "" ""), LEFT($N9, (FIND("" "", $N9, 1) - 1)), 0)), VALUE(IF(REGEXMATCH($P9, "" ""), LEFT($P9, (FIND("" "", $P9, 1) - 1)), 0)), VALUE(IF(REGEXMATCH($R9, "" ""), LEFT($R9, (FIND("&""" "", $R9, 1) - 1)), 0)), VALUE(IF(REGEXMATCH($T9, "" ""), LEFT($T9, (FIND("" "", $T9, 1) - 1)), 0)), VALUE(IF(REGEXMATCH($V9, "" ""), LEFT($V9, (FIND("" "", $V9, 1) - 1)), 0)))"),9.08) -> 9.08 | X9: =$W9*1.25 -> 11.35
A10: 9 | B10: 160118733009 | C10: RATHOD MAHESHWARI | W10: =IFERROR(__xludf.DUMMYFUNCTION("MAX(VALUE(IF(REGEXMATCH($F10, "" ""), LEFT($F10, (FIND("" "", $F10, 1) - 1)), 0)), VALUE(IF(REGEXMATCH($H10, "" ""), LEFT($H10, (FIND("" "", $H10, 1) - 1)), 0)), VALUE(IF(REGEXMATCH($J10, "" ""), LEFT($J10, (FIND("" "", $J10, 1) - 1)), 0)), VALUE(IF(REGEX"&"MATCH($L10, "" ""), LEFT($L10, (FIND("" "", $L10, 1) - 1)), 0)), VALUE(IF(REGEXMATCH($N10, "" ""), LEFT($N10, (FIND("" "", $N10, 1) - 1)), 0)), VALUE(IF(REGEXMATCH($P10, "" ""), LEFT($P10, (FIND("" "", $P10, 1) - 1)), 0)), VALUE(IF(REGEXMATCH($R10, "" "")"&", LEFT($R10, (FIND("" "", $R10, 1) - 1)), 0)), VALUE(IF(REGEXMATCH($T10, "" ""), LEFT($T10, (FIND("" "", $T10, 1) - 1)), 0)), VALUE(IF(REGEXMATCH($V10, "" ""), LEFT($V10, (FIND("" "", $V10, 1) - 1)), 0)))"),0.0) -> 0 | X10: =$W10*1.25 -> 0
A11: 10 | B11: 160118733010 | C11: Katta Naga Shivani Reddy | D11: YES | E11: JPMC | F11: 14 LPA | W11: =IFERROR(__xludf.DUMMYFUNCTION("MAX(VALUE(IF(REGEXMATCH($F11, "" ""), LEFT($F11, (FIND("" "", $F11, 1) - 1)), 0)), VALUE(IF(REGEXMATCH($H11, "" ""), LEFT($H11, (FIND("" "", $H11, 1) - 1)), 0)), VALUE(IF(REGEXMATCH($J11, "" ""), LEFT($J11, (FIND("" "", $J11, 1) - 1)), 0)), VALUE(IF(REGEX"&"MATCH($L11, "" ""), LEFT($L11, (FIND("" "", $L11, 1) - 1)), 0)), VALUE(IF(REGEXMATCH($N11, "" ""), LEFT($N11, (FIND("" "", $N11, 1) - 1)), 0)), VALUE(IF(REGEXMATCH($P11, "" ""), LEFT($P11, (FIND("" "", $P11, 1) - 1)), 0)), VALUE(IF(REGEXMATCH($R11, "" "")"&", LEFT($R11, (FIND("" "", $R11, 1) - 1)), 0)), VALUE(IF(REGEXMATCH($T11, "" ""), LEFT($T11, (FIND("" "", $T11, 1) - 1)), 0)), VALUE(IF(REGEXMATCH($V11, "" ""), LEFT($V11, (FIND("" "", $V11, 1) - 1)), 0)))"),14.0) -> 14 | X11: =$W11*1.25 -> 17.5
A12: 11 | B12: 160118733011 | C12: Sai Annanya Sree Vedala | D12: YES | E12: JPMC (PPO) | F12: 14 LPA | W12: =IFERROR(__xludf.DUMMYFUNCTION("MAX(VALUE(IF(REGEXMATCH($F12, "" ""), LEFT($F12, (FIND("" "", $F12, 1) - 1)), 0)), VALUE(IF(REGEXMATCH($H12, "" ""), LEFT($H12, (FIND("" "", $H12, 1) - 1)), 0)), VALUE(IF(REGEXMATCH($J12, "" ""), LEFT($J12, (FIND("" "", $J12, 1) - 1)), 0)), VALUE(IF(REGEX"&"MATCH($L12, "" ""), LEFT($L12, (FIND("" "", $L12, 1) - 1)), 0)), VALUE(IF(REGEXMATCH($N12, "" ""), LEFT($N12, (FIND("" "", $N12, 1) - 1)), 0)), VALUE(IF(REGEXMATCH($P12, "" ""), LEFT($P12, (FIND("" "", $P12, 1) - 1)), 0)), VALUE(IF(REGEXMATCH($R12, "" "")"&", LEFT($R12, (FIND("" "", $R12, 1) - 1)), 0)), VALUE(IF(REGEXMATCH($T12, "" ""), LEFT($T12, (FIND("" "", $T12, 1) - 1)), 0)), VALUE(IF(REGEXMATCH($V12, "" ""), LEFT($V12, (FIND("" "", $V12, 1) - 1)), 0)))"),14.0) -> 14 | X12: =$W12*1.25 -> 17.5
A13: 12 | B13: 160118733012 | C13: Sai Prathyusha G | D13: YES | E13: JPMC (PPO) | F13: 14 LPA | G13: F5 Inc | H13: 23 LPA | W13: =IFERROR(__xludf.DUMMYFUNCTION("MAX(VALUE(IF(REGEXMATCH($F13, "" ""), LEFT($F13, (FIND("" "", $F13, 1) - 1)), 0)), VALUE(IF(REGEXMATCH($H13, "" ""), LEFT($H13, (FIND("" "", $H13, 1) - 1)), 0)), VALUE(IF(REGEXMATCH($J13, "" ""), LEFT($J13, (FIND("" "", $J13, 1) - 1)), 0)), VALUE(IF(REGEX"&"MATCH($L13, "" ""), LEFT($L13, (FIND("" "", $L13, 1) - 1)), 0)), VALUE(IF(REGEXMATCH($N13, "" ""), LEFT($N13, (FIND("" "", $N13, 1) - 1)), 0)), VALUE(IF(REGEXMATCH($P13, "" ""), LEFT($P13, (FIND("" "", $P13, 1) - 1)), 0)), VALUE(IF(REGEXMATCH($R13, "" "")"&", LEFT($R13, (FIND("" "", $R13, 1) - 1)), 0)), VALUE(IF(REGEXMATCH($T13, "" ""), LEFT($T13, (FIND("" "", $T13, 1) - 1)), 0)), VALUE(IF(REGEXMATCH($V13, "" ""), LEFT($V13, (FIND("" "", $V13, 1) - 1)), 0)))"),23.0) -> 23 | X13: =$W13*1.25 -> 28.75
A14: 13 | B14: 160118733013 | C14: Sai sanjana reddy Vatte | W14: =IFERROR(__xludf.DUMMYFUNCTION("MAX(VALUE(IF(REGEXMATCH($F14, "" ""), LEFT($F14, (FIND("" "", $F14, 1) - 1)), 0)), VALUE(IF(REGEXMATCH($H14, "" ""), LEFT($H14, (FIND("" "", $H14, 1) - 1)), 0)), VALUE(IF(REGEXMATCH($J14, "" ""), LEFT($J14, (FIND("" "", $J14, 1) - 1)), 0)), VALUE(IF(REGEX"&"MATCH($L14, "" ""), LEFT($L14, (FIND("" "", $L14, 1) - 1)), 0)), VALUE(IF(REGEXMATCH($N14, "" ""), LEFT($N14, (FIND("" "", $N14, 1) - 1)), 0)), VALUE(IF(REGEXMATCH($P14, "" ""), LEFT($P14, (FIND("" "", $P14, 1) - 1)), 0)), VALUE(IF(REGEXMATCH($R14, "" "")"&", LEFT($R14, (FIND("" "", $R14, 1) - 1)), 0)), VALUE(IF(REGEXMATCH($T14, "" ""), LEFT($T14, (FIND("" "", $T14, 1) - 1)), 0)), VALUE(IF(REGEXMATCH($V14, "" ""), LEFT($V14, (FIND("" "", $V14, 1) - 1)), 0)))"),0.0) -> 0 | X14: =$W14*1.25 -> 0
A15: 14 | B15: 160118733014 | C15: Sirnam Sanjana | D15: YES | E15: JPMC | F15: 14 LPA | G15: Deloitte (Tax PPO) | H15: 7.6 LPA | I15: F5 Inc | J15: 23 LPA | W15: =IFERROR(__xludf.DUMMYFUNCTION("MAX(VALUE(IF(REGEXMATCH($F15, "" ""), LEFT($F15, (FIND("" "", $F15, 1) - 1)), 0)), VALUE(IF(REGEXMATCH($H15, "" ""), LEFT($H15, (FIND("" "", $H15, 1) - 1)), 0)), VALUE(IF(REGEXMATCH($J15, "" ""), LEFT($J15, (FIND("" "", $J15, 1) - 1)), 0)), VALUE(IF(REGEX"&"MATCH($L15, "" ""), LEFT($L15, (FIND("" "", $L15, 1) - 1)), 0)), VALUE(IF(REGEXMATCH($N15, "" ""), LEFT($N15, (FIND("" "", $N15, 1) - 1)), 0)), VALUE(IF(REGEXMATCH($P15, "" ""), LEFT($P15, (FIND("" "", $P15, 1) - 1)), 0)), VALUE(IF(REGEXMATCH($R15, "" "")"&", LEFT($R15, (FIND("" "", $R15, 1) - 1)), 0)), VALUE(IF(REGEXMATCH($T15, "" ""), LEFT($T15, (FIND("" "", $T15, 1) - 1)), 0)), VALUE(IF(REGEXMATCH($V15, "" ""), LEFT($V15, (FIND("" "", $V15, 1) - 1)), 0)))"),23.0) -> 23 | X15: =$W15*1.25 -> 28.75
A16: 15 | B16: 160118733015 | C16: Sanjana Varma Mudunuri | W16: =IFERROR(__xludf.DUMMYFUNCTION("MAX(VALUE(IF(REGEXMATCH($F16, "" ""), LEFT($F16, (FIND("" "", $F16, 1) - 1)), 0)), VALUE(IF(REGEXMATCH($H16, "" ""), LEFT($H16, (FIND("" "", $H16, 1) - 1)), 0)), VALUE(IF(REGEXMATCH($J16, "" ""), LEFT($J16, (FIND("" "", $J16, 1) - 1)), 0)), VALUE(IF(REGEX"&"MATCH($L16, "" ""), LEFT($L16, (FIND("" "", $L16, 1) - 1)), 0)), VALUE(IF(REGEXMATCH($N16, "" ""), LEFT($N16, (FIND("" "", $N16, 1) - 1)), 0)), VALUE(IF(REGEXMATCH($P16, "" ""), LEFT($P16, (FIND("" "", $P16, 1) - 1)), 0)), VALUE(IF(REGEXMATCH($R16, "" "")"&", LEFT($R16, (FIND("" "", $R16, 1) - 1)), 0)), VALUE(IF(REGEXMATCH($T16, "" ""), LEFT($T16, (FIND("" "", $T16, 1) - 1)), 0)), VALUE(IF(REGEXMATCH($V16, "" ""), LEFT($V16, (FIND("" "", $V16, 1) - 1)), 0)))"),0.0) -> 0 | X16: =$W16*1.25 -> 0
A17: 16 | B17: 160118733016 | C17: Sathvika Balabhadra | D17: YES | E17: Accenture (ASE) | F17: 4.5 LPA | G17: Cognizant GenC | H17: 4 LPA | W17: =IFERROR(__xludf.DUMMYFUNCTION("MAX(VALUE(IF(REGEXMATCH($F17, "" ""), LEFT($F17, (FIND("" "", $F17, 1) - 1)), 0)), VALUE(IF(REGEXMATCH($H17, "" ""), LEFT($H17, (FIND("" "", $H17, 1) - 1)), 0)), VALUE(IF(REGEXMATCH($J17, "" ""), LEFT($J17, (FIND("" "", $J17, 1) - 1)), 0)), VALUE(IF(REGEX"&"MATCH($L17, "" ""), LEFT($L17, (FIND("" "", $L17, 1) - 1)), 0)), VALUE(IF(REGEXMATCH($N17, "" ""), LEFT($N17, (FIND("" "", $N17, 1) - 1)), 0)), VALUE(IF(REGEXMATCH($P17, "" ""), LEFT($P17, (FIND("" "", $P17, 1) - 1)), 0)), VALUE(IF(REGEXMATCH($R17, "" "")"&", LEFT($R17, (FIND("" "", $R17, 1) - 1)), 0)), VALUE(IF(REGEXMATCH($T17, "" ""), LEFT($T17, (FIND("" "", $T17, 1) - 1)), 0)), VALUE(IF(REGEXMATCH($V17, "" ""), LEFT($V17, (FIND("" "", $V17, 1) - 1)), 0)))"),4.5) -> 4.5 | X17: =$W17*1.25 -> 5.625
A18: 17 | B18: 160118733017 | C18: Sheetal rao | E18: DBS | F18: 8.5 LPA | W18: =IFERROR(__xludf.DUMMYFUNCTION("MAX(VALUE(IF(REGEXMATCH($F18, "" ""), LEFT($F18, (FIND("" "", $F18, 1) - 1)), 0)), VALUE(IF(REGEXMATCH($H18, "" ""), LEFT($H18, (FIND("" "", $H18, 1) - 1)), 0)), VALUE(IF(REGEXMATCH($J18, "" ""), LEFT($J18, (FIND("" "", $J18, 1) - 1)), 0)), VALUE(IF(REGEX"&"MATCH($L18, "" ""), LEFT($L18, (FIND("" "", $L18, 1) - 1)), 0)), VALUE(IF(REGEXMATCH($N18, "" ""), LEFT($N18, (FIND("" "", $N18, 1) - 1)), 0)), VALUE(IF(REGEXMATCH($P18, "" ""), LEFT($P18, (FIND("" "", $P18, 1) - 1)), 0)), VALUE(IF(REGEXMATCH($R18, "" "")"&", LEFT($R18, (FIND("" "", $R18, 1) - 1)), 0)), VALUE(IF(REGEXMATCH($T18, "" ""), LEFT($T18, (FIND("" "", $T18, 1) - 1)), 0)), VALUE(IF(REGEXMATCH($V18, "" ""), LEFT($V18, (FIND("" "", $V18, 1) - 1)), 0)))"),8.5) -> 8.5 | X18: =$W18*1.25 -> 10.625
A19: 18 | B19: 160118733018 | C19: Shreya Maramreddy | W19: =IFERROR(__xludf.DUMMYFUNCTION("MAX(VALUE(IF(REGEXMATCH($F19, "" ""), LEFT($F19, (FIND("" "", $F19, 1) - 1)), 0)), VALUE(IF(REGEXMATCH($H19, "" ""), LEFT($H19, (FIND("" "", $H19, 1) - 1)), 0)), VALUE(IF(REGEXMATCH($J19, "" ""), LEFT($J19, (FIND("" "", $J19, 1) - 1)), 0)), VALUE(IF(REGEX"&"MATCH($L19, "" ""), LEFT($L19, (FIND("" "", $L19, 1) - 1)), 0)), VALUE(IF(REGEXMATCH($N19, "" ""), LEFT($N19, (FIND("" "", $N19, 1) - 1)), 0)), VALUE(IF(REGEXMATCH($P19, "" ""), LEFT($P19, (FIND("" "", $P19, 1) - 1)), 0)), VALUE(IF(REGEXMATCH($R19, "" "")"&", LEFT($R19, (FIND("" "", $R19, 1) - 1)), 0)), VALUE(IF(REGEXMATCH($T19, "" ""), LEFT($T19, (FIND("" "", $T19, 1) - 1)), 0)), VALUE(IF(REGEXMATCH($V19, "" ""), LEFT($V19, (FIND("" "", $V19, 1) - 1)), 0)))"),0.0) -> 0 | X19: =$W19*1.25 -> 0
A20: 19 | B20: 160118733019 | C20: Sudeeshna Deva | D20: YES | E20: LTI (Level 3) | F20: 8 LPA | G20: Accenture (ASE) | H20: 4.5 LPA | I20: Cognizant GenC Elevate | J20: 4 LPA | K20: Amazon (Internship) | L20: 50k | M20: Samsung (job) | N20: 14.5 LPA | W20: =IFERROR(__xludf.DUMMYFUNCTION("MAX(VALUE(IF(REGEXMATCH($F20, "" ""), LEFT($F20, (FIND("" "", $F20, 1) - 1)), 0)), VALUE(IF(REGEXMATCH($H20, "" ""), LEFT($H20, (FIND("" "", $H20, 1) - 1)), 0)), VALUE(IF(REGEXMATCH($J20, "" ""), LEFT($J20, (FIND("" "", $J20, 1) - 1)), 0)), VALUE(IF(REGEX"&"MATCH($L20, "" ""), LEFT($L20, (FIND("" "", $L20, 1) - 1)), 0)), VALUE(IF(REGEXMATCH($N20, "" ""), LEFT($N20, (FIND("" "", $N20, 1) - 1)), 0)), VALUE(IF(REGEXMATCH($P20, "" ""), LEFT($P20, (FIND("" "", $P20, 1) - 1)), 0)), VALUE(IF(REGEXMATCH($R20, "" "")"&", LEFT($R20, (FIND("" "", $R20, 1) - 1)), 0)), VALUE(IF(REGEXMATCH($T20, "" ""), LEFT($T20, (FIND("" "", $T20, 1) - 1)), 0)), VALUE(IF(REGEXMATCH($V20, "" ""), LEFT($V20, (FIND("" "", $V20, 1) - 1)), 0)))"),14.5) -> 14.5 | X20: =$W20*1.25 -> 18.125
A21: 20 | B21: 160118733020 | C21: Mankala Sukritha | E21: SalesForce | F21: 19.65 LPA | W21: =IFERROR(__xludf.DUMMYFUNCTION("MAX(VALUE(IF(REGEXMATCH($F21, "" ""), LEFT($F21, (FIND("" "", $F21, 1) - 1)), 0)), VALUE(IF(REGEXMATCH($H21, "" ""), LEFT($H21, (FIND("" "", $H21, 1) - 1)), 0)), VALUE(IF(REGEXMATCH($J21, "" ""), LEFT($J21, (FIND("" "", $J21, 1) - 1)), 0)), VALUE(IF(REGEX"&"MATCH($L21, "" ""), LEFT($L21, (FIND("" "", $L21, 1) - 1)), 0)), VALUE(IF(REGEXMATCH($N21, "" ""), LEFT($N21, (FIND("" "", $N21, 1) - 1)), 0)), VALUE(IF(REGEXMATCH($P21, "" ""), LEFT($P21, (FIND("" "", $P21, 1) - 1)), 0)), VALUE(IF(REGEXMATCH($R21, "" "")"&", LEFT($R21, (FIND("" "", $R21, 1) - 1)), 0)), VALUE(IF(REGEXMATCH($T21, "" ""), LEFT($T21, (FIND("" "", $T21, 1) - 1)), 0)), VALUE(IF(REGEXMATCH($V21, "" ""), LEFT($V21, (FIND("" "", $V21, 1) - 1)), 0)))"),19.65) -> 19.65 | X21: =$W21*1.25 -> 24.5625
A22: 21 | B22: 160118733021 | C22: Dara Supriya | E22: Deloitte (Consulting) | F22: 7.6 LPA | W22: =IFERROR(__xludf.DUMMYFUNCTION("MAX(VALUE(IF(REGEXMATCH($F22, "" ""), LEFT($F22, (FIND("" "", $F22, 1) - 1)), 0)), VALUE(IF(REGEXMATCH($H22, "" ""), LEFT($H22, (FIND("" "", $H22, 1) - 1)), 0)), VALUE(IF(REGEXMATCH($J22, "" ""), LEFT($J22, (FIND("" "", $J22, 1) - 1)), 0)), VALUE(IF(REGEX"&"MATCH($L22, "" ""), LEFT($L22, (FIND("" "", $L22, 1) - 1)), 0)), VALUE(IF(REGEXMATCH($N22, "" ""), LEFT($N22, (FIND("" "", $N22, 1) - 1)), 0)), VALUE(IF(REGEXMATCH($P22, "" ""), LEFT($P22, (FIND("" "", $P22, 1) - 1)), 0)), VALUE(IF(REGEXMATCH($R22, "" "")"&", LEFT($R22, (FIND("" "", $R22, 1) - 1)), 0)), VALUE(IF(REGEXMATCH($T22, "" ""), LEFT($T22, (FIND("" "", $T22, 1) - 1)), 0)), VALUE(IF(REGEXMATCH($V22, "" ""), LEFT($V22, (FIND("" "", $V22, 1) - 1)), 0)))"),7.6) -> 7.6 | X22: =$W22*1.25 -> 9.5
A23: 22 | B23: 160118733022 | C23: Supriya Kaluri | D23: YES | E23: LTI (Level 2) | F23: 6.5 LPA | G23: Accenture (ASE) | H23: 4.5 LPA | I23: Amazon (Internship) | J23: 50k | K23: Wipro | L23: 3.5 LPA | W23: =IFERROR(__xludf.DUMMYFUNCTION("MAX(VALUE(IF(REGEXMATCH($F23, "" ""), LEFT($F23, (FIND("" "", $F23, 1) - 1)), 0)), VALUE(IF(REGEXMATCH($H23, "" ""), LEFT($H23, (FIND("" "", $H23, 1) - 1)), 0)), VALUE(IF(REGEXMATCH($J23, "" ""), LEFT($J23, (FIND("" "", $J23, 1) - 1)), 0)), VALUE(IF(REGEX"&"MATCH($L23, "" ""), LEFT($L23, (FIND("" "", $L23, 1) - 1)), 0)), VALUE(IF(REGEXMATCH($N23, "" ""), LEFT($N23, (FIND("" "", $N23, 1) - 1)), 0)), VALUE(IF(REGEXMATCH($P23, "" ""), LEFT($P23, (FIND("" "", $P23, 1) - 1)), 0)), VALUE(IF(REGEXMATCH($R23, "" "")"&", LEFT($R23, (FIND("" "", $R23, 1) - 1)), 0)), VALUE(IF(REGEXMATCH($T23, "" ""), LEFT($T23, (FIND("" "", $T23, 1) - 1)), 0)), VALUE(IF(REGEXMATCH($V23, "" ""), LEFT($V23, (FIND("" "", $V23, 1) - 1)), 0)))"),6.5) -> 6.5 | X23: =$W23*1.25 -> 8.125
A24: 23 | B24: 160118733023 | C24: Sushma M | E24: Deloitte (Consulting) | F24: 7.6 LPA | W24: =IFERROR(__xludf.DUMMYFUNCTION("MAX(VALUE(IF(REGEXMATCH($F24, "" ""), LEFT($F24, (FIND("" "", $F24, 1) - 1)), 0)), VALUE(IF(REGEXMATCH($H24, "" ""), LEFT($H24, (FIND("" "", $H24, 1) - 1)), 0)), VALUE(IF(REGEXMATCH($J24, "" ""), LEFT($J24, (FIND("" "", $J24, 1) - 1)), 0)), VALUE(IF(REGEX"&"MATCH($L24, "" ""), LEFT($L24, (FIND("" "", $L24, 1) - 1)), 0)), VALUE(IF(REGEXMATCH($N24, "" ""), LEFT($N24, (FIND("" "", $N24, 1) - 1)), 0)), VALUE(IF(REGEXMATCH($P24, "" ""), LEFT($P24, (FIND("" "", $P24, 1) - 1)), 0)), VALUE(IF(REGEXMATCH($R24, "" "")"&", LEFT($R24, (FIND("" "", $R24, 1) - 1)), 0)), VALUE(IF(REGEXMATCH($T24, "" ""), LEFT($T24, (FIND("" "", $T24, 1) - 1)), 0)), VALUE(IF(REGEXMATCH($V24, "" ""), LEFT($V24, (FIND("" "", $V24, 1) - 1)), 0)))"),7.6) -> 7.6 | X24: =$W24*1.25 -> 9.5
A25: 24 | B25: 160118733024 | C25: Mohammed Abdul Muhaymin | E25: Deloitte (Consulting) | F25: 7.6 LPA | W25: =IFERROR(__xludf.DUMMYFUNCTION("MAX(VALUE(IF(REGEXMATCH($F25, "" ""), LEFT($F25, (FIND("" "", $F25, 1) - 1)), 0)), VALUE(IF(REGEXMATCH($H25, "" ""), LEFT($H25, (FIND("" "", $H25, 1) - 1)), 0)), VALUE(IF(REGEXMATCH($J25, "" ""), LEFT($J25, (FIND("" "", $J25, 1) - 1)), 0)), VALUE(IF(REGEX"&"MATCH($L25, "" ""), LEFT($L25, (FIND("" "", $L25, 1) - 1)), 0)), VALUE(IF(REGEXMATCH($N25, "" ""), LEFT($N25, (FIND("" "", $N25, 1) - 1)), 0)), VALUE(IF(REGEXMATCH($P25, "" ""), LEFT($P25, (FIND("" "", $P25, 1) - 1)), 0)), VALUE(IF(REGEXMATCH($R25, "" "")"&", LEFT($R25, (FIND("" "", $R25, 1) - 1)), 0)), VALUE(IF(REGEXMATCH($T25, "" ""), LEFT($T25, (FIND("" "", $T25, 1) - 1)), 0)), VALUE(IF(REGEXMATCH($V25, "" ""), LEFT($V25, (FIND("" "", $V25, 1) - 1)), 0)))"),7.6) -> 7.6 | X25: =$W25*1.25 -> 9.5
A26: 25 | B26: 160118733025 | C26: Muzzammil Ahmed | D26: YES | E26: Cognizant GenC Next | F26: 6.75 LPA | G26: Barclays | H26: 12.73 LPA | I26: Infosys (SE) | J26: 3.6 LPA | W26: =IFERROR(__xludf.DUMMYFUNCTION("MAX(VALUE(IF(REGEXMATCH($F26, "" ""), LEFT($F26, (FIND("" "", $F26, 1) - 1)), 0)), VALUE(IF(REGEXMATCH($H26, "" ""), LEFT($H26, (FIND("" "", $H26, 1) - 1)), 0)), VALUE(IF(REGEXMATCH($J26, "" ""), LEFT($J26, (FIND("" "", $J26, 1) - 1)), 0)), VALUE(IF(REGEX"&"MATCH($L26, "" ""), LEFT($L26, (FIND("" "", $L26, 1) - 1)), 0)), VALUE(IF(REGEXMATCH($N26, "" ""), LEFT($N26, (FIND("" "", $N26, 1) - 1)), 0)), VALUE(IF(REGEXMATCH($P26, "" ""), LEFT($P26, (FIND("" "", $P26, 1) - 1)), 0)), VALUE(IF(REGEXMATCH($R26, "" "")"&", LEFT($R26, (FIND("" "", $R26, 1) - 1)), 0)), VALUE(IF(REGEXMATCH($T26, "" ""), LEFT($T26, (FIND("" "", $T26, 1) - 1)), 0)), VALUE(IF(REGEXMATCH($V26, "" ""), LEFT($V26, (FIND("" "", $V26, 1) - 1)), 0)))"),12.73) -> 12.73 | X26: =$W26*1.25 -> 15.9125
A27: 26 | B27: 160118733026 | C27: Akshay Kumar Malathkar | D27: YES | E27: Accelerize 360 | F27: 7 LPA | G27: Infosys (SE) | H27: 3.6 LPA | I27: VISA | J27: 22.79 LPA | W27: =IFERROR(__xludf.DUMMYFUNCTION("MAX(VALUE(IF(REGEXMATCH($F27, "" ""), LEFT($F27, (FIND("" "", $F27, 1) - 1)), 0)), VALUE(IF(REGEXMATCH($H27, "" ""), LEFT($H27, (FIND("" "", $H27, 1) - 1)), 0)), VALUE(IF(REGEXMATCH($J27, "" ""), LEFT($J27, (FIND("" "", $J27, 1) - 1)), 0)), VALUE(IF(REGEX"&"MATCH($L27, "" ""), LEFT($L27, (FIND("" "", $L27, 1) - 1)), 0)), VALUE(IF(REGEXMATCH($N27, "" ""), LEFT($N27, (FIND("" "", $N27, 1) - 1)), 0)), VALUE(IF(REGEXMATCH($P27, "" ""), LEFT($P27, (FIND("" "", $P27, 1) - 1)), 0)), VALUE(IF(REGEXMATCH($R27, "" "")"&", LEFT($R27, (FIND("" "", $R27, 1) - 1)), 0)), VALUE(IF(REGEXMATCH($T27, "" ""), LEFT($T27, (FIND("" "", $T27, 1) - 1)), 0)), VALUE(IF(REGEXMATCH($V27, "" ""), LEFT($V27, (FIND("" "", $V27, 1) - 1)), 0)))"),22.79) -> 22.79 | X27: =$W27*1.25 -> 28.4875
A28: 27 | B28: 160118733027 | C28: Charan teja sabbani | E28: Incture | F28: 7 LPA | G28: Wipro | H28: 3.5 LPA | I28: Infosys (SE) | J28: 3.6 LPA | W28: =IFERROR(__xludf.DUMMYFUNCTION("MAX(VALUE(IF(REGEXMATCH($F28, "" ""), LEFT($F28, (FIND("" "", $F28, 1) - 1)), 0)), VALUE(IF(REGEXMATCH($H28, "" ""), LEFT($H28, (FIND("" "", $H28, 1) - 1)), 0)), VALUE(IF(REGEXMATCH($J28, "" ""), LEFT($J28, (FIND("" "", $J28, 1) - 1)), 0)), VALUE(IF(REGEX"&"MATCH($L28, "" ""), LEFT($L28, (FIND("" "", $L28, 1) - 1)), 0)), VALUE(IF(REGEXMATCH($N28, "" ""), LEFT($N28, (FIND("" "", $N28, 1) - 1)), 0)), VALUE(IF(REGEXMATCH($P28, "" ""), LEFT($P28, (FIND("" "", $P28, 1) - 1)), 0)), VALUE(IF(REGEXMATCH($R28, "" "")"&", LEFT($R28, (FIND("" "", $R28, 1) - 1)), 0)), VALUE(IF(REGEXMATCH($T28, "" ""), LEFT($T28, (FIND("" "", $T28, 1) - 1)), 0)), VALUE(IF(REGEXMATCH($V28, "" ""), LEFT($V28, (FIND("" "", $V28, 1) - 1)), 0)))"),7.0) -> 7 | X28: =$W28*1.25 -> 8.75
A29: 28 | B29: 160118733028 | C29: Dhruvraj Tondanoorthy | W29: =IFERROR(__xludf.DUMMYFUNCTION("MAX(VALUE(IF(REGEXMATCH($F29, "" ""), LEFT($F29, (FIND("" "", $F29, 1) - 1)), 0)), VALUE(IF(REGEXMATCH($H29, "" ""), LEFT($H29, (FIND("" "", $H29, 1) - 1)), 0)), VALUE(IF(REGEXMATCH($J29, "" ""), LEFT($J29, (FIND("" "", $J29, 1) - 1)), 0)), VALUE(IF(REGEX"&"MATCH($L29, "" ""), LEFT($L29, (FIND("" "", $L29, 1) - 1)), 0)), VALUE(IF(REGEXMATCH($N29, "" ""), LEFT($N29, (FIND("" "", $N29, 1) - 1)), 0)), VALUE(IF(REGEXMATCH($P29, "" ""), LEFT($P29, (FIND("" "", $P29, 1) - 1)), 0)), VALUE(IF(REGEXMATCH($R29, "" "")"&", LEFT($R29, (FIND("" "", $R29, 1) - 1)), 0)), VALUE(IF(REGEXMATCH($T29, "" ""), LEFT($T29, (FIND("" "", $T29, 1) - 1)), 0)), VALUE(IF(REGEXMATCH($V29, "" ""), LEFT($V29, (FIND("" "", $V29, 1) - 1)), 0)))"),0.0) -> 0 | X29: =$W29*1.25 -> 0
A30: 30 | B30: 160118733030 | C30: JANAKIRAM SHARMA KASHIGARI | D30: YES | E30: Accenture (Adv ASE) | F30: 6.5 LPA | G30: Capillary Technologies | H30: 6 LPA | I30: LTI (Level 3) | J30: 8 LPA | K30: Cognizant GenC Elevate | L30: 4 LPA | M30: Frugal Testing | N30: 5 LPA | O30: Infosys (SE) | P30: 3.6 LPA | Q30: Nutanix (Internship) | R30: 50k | W30: =IFERROR(__xludf.DUMMYFUNCTION("MAX(VALUE(IF(REGEXMATCH($F30, "" ""), LEFT($F30, (FIND("" "", $F30, 1) - 1)), 0)), VALUE(IF(REGEXMATCH($H30, "" ""), LEFT($H30, (FIND("" "", $H30, 1) - 1)), 0)), VALUE(IF(REGEXMATCH($J30, "" ""), LEFT($J30, (FIND("" "", $J30, 1) - 1)), 0)), VALUE(IF(REGEX"&"MATCH($L30, "" ""), LEFT($L30, (FIND("" "", $L30, 1) - 1)), 0)), VALUE(IF(REGEXMATCH($N30, "" ""), LEFT($N30, (FIND("" "", $N30, 1) - 1)), 0)), VALUE(IF(REGEXMATCH($P30, "" ""), LEFT($P30, (FIND("" "", $P30, 1) - 1)), 0)), VALUE(IF(REGEXMATCH($R30, "" "")"&", LEFT($R30, (FIND("" "", $R30, 1) - 1)), 0)), VALUE(IF(REGEXMATCH($T30, "" ""), LEFT($T30, (FIND("" "", $T30, 1) - 1)), 0)), VALUE(IF(REGEXMATCH($V30, "" ""), LEFT($V30, (FIND("" "", $V30, 1) - 1)), 0)))"),8.0) -> 8 | X30: =$W30*1.25 -> 10
A31: 31 | B31: 160118733031 | C31: Nelavelli Kedarnath Rishit | D31: YES | E31: Accenture (ASE) | F31: 4.5 LPA | G31: Next Education | H31: 6 LPA | W31: =IFERROR(__xludf.DUMMYFUNCTION("MAX(VALUE(IF(REGEXMATCH($F31, "" ""), LEFT($F31, (FIND("" "", $F31, 1) - 1)), 0)), VALUE(IF(REGEXMATCH($H31, "" ""), LEFT($H31, (FIND("" "", $H31, 1) - 1)), 0)), VALUE(IF(REGEXMATCH($J31, "" ""), LEFT($J31, (FIND("" "", $J31, 1) - 1)), 0)), VALUE(IF(REGEX"&"MATCH($L31, "" ""), LEFT($L31, (FIND("" "", $L31, 1) - 1)), 0)), VALUE(IF(REGEXMATCH($N31, "" ""), LEFT($N31, (FIND("" "", $N31, 1) - 1)), 0)), VALUE(IF(REGEXMATCH($P31, "" ""), LEFT($P31, (FIND("" "", $P31, 1) - 1)), 0)), VALUE(IF(REGEXMATCH($R31, "" "")"&", LEFT($R31, (FIND("" "", $R31, 1) - 1)), 0)), VALUE(IF(REGEXMATCH($T31, "" ""), LEFT($T31, (FIND("" "", $T31, 1) - 1)), 0)), VALUE(IF(REGEXMATCH($V31, "" ""), LEFT($V31, (FIND("" "", $V31, 1) - 1)), 0)))"),6.0) -> 6 | X31: =$W31*1.25 -> 7.5
A32: 32 | B32: 160118733032 | C32: Narsimha Sadula | D32: YES | E32: Micron (EPS) | F32: 8.1 LPA | G32: Infosys (SE) | H32: 3.6 LPA | I32: Darwin Box (Internship) | J32: 25K | W32: =IFERROR(__xludf.DUMMYFUNCTION("MAX(VALUE(IF(REGEXMATCH($F32, "" ""), LEFT($F32, (FIND("" "", $F32, 1) - 1)), 0)), VALUE(IF(REGEXMATCH($H32, "" ""), LEFT($H32, (FIND("" "", $H32, 1) - 1)), 0)), VALUE(IF(REGEXMATCH($J32, "" ""), LEFT($J32, (FIND("" "", $J32, 1) - 1)), 0)), VALUE(IF(REGEX"&"MATCH($L32, "" ""), LEFT($L32, (FIND("" "", $L32, 1) - 1)), 0)), VALUE(IF(REGEXMATCH($N32, "" ""), LEFT($N32, (FIND("" "", $N32, 1) - 1)), 0)), VALUE(IF(REGEXMATCH($P32, "" ""), LEFT($P32, (FIND("" "", $P32, 1) - 1)), 0)), VALUE(IF(REGEXMATCH($R32, "" "")"&", LEFT($R32, (FIND("" "", $R32, 1) - 1)), 0)), VALUE(IF(REGEXMATCH($T32, "" ""), LEFT($T32, (FIND("" "", $T32, 1) - 1)), 0)), VALUE(IF(REGEXMATCH($V32, "" ""), LEFT($V32, (FIND("" "", $V32, 1) - 1)), 0)))"),8.1) -> 8.1 | X32: =$W32*1.25 -> 10.125
A33: 33 | B33: 160118733033 | C33: BEJGAM NITHIN SAI | D33: YES | E33: Accelerize 360 | F33: 7 LPA | G33: Darwin Box (Internship) | H33: 25K | W33: =IFERROR(__xludf.DUMMYFUNCTION("MAX(VALUE(IF(REGEXMATCH($F33, "" ""), LEFT($F33, (FIND("" "", $F33, 1) - 1)), 0)), VALUE(IF(REGEXMATCH($H33, "" ""), LEFT($H33, (FIND("" "", $H33, 1) - 1)), 0)), VALUE(IF(REGEXMATCH($J33, "" ""), LEFT($J33, (FIND("" "", $J33, 1) - 1)), 0)), VALUE(IF(REGEX"&"MATCH($L33, "" ""), LEFT($L33, (FIND("" "", $L33, 1) - 1)), 0)), VALUE(IF(REGEXMATCH($N33, "" ""), LEFT($N33, (FIND("" "", $N33, 1) - 1)), 0)), VALUE(IF(REGEXMATCH($P33, "" ""), LEFT($P33, (FIND("" "", $P33, 1) - 1)), 0)), VALUE(IF(REGEXMATCH($R33, "" "")"&", LEFT($R33, (FIND("" "", $R33, 1) - 1)), 0)), VALUE(IF(REGEXMATCH($T33, "" ""), LEFT($T33, (FIND("" "", $T33, 1) - 1)), 0)), VALUE(IF(REGEXMATCH($V33, "" ""), LEFT($V33, (FIND("" "", $V33, 1) - 1)), 0)))"),7.0) -> 7 | X33: =$W33*1.25 -> 8.75
A34: 34 | B34: 160118733034 | C34: Phani Varma Gadiraju | D34: YES | E34: Micron (ETD) | F34: 8.1 LPA | W34: =IFERROR(__xludf.DUMMYFUNCTION("MAX(VALUE(IF(REGEXMATCH($F34, "" ""), LEFT($F34, (FIND("" "", $F34, 1) - 1)), 0)), VALUE(IF(REGEXMATCH($H34, "" ""), LEFT($H34, (FIND("" "", $H34, 1) - 1)), 0)), VALUE(IF(REGEXMATCH($J34, "" ""), LEFT($J34, (FIND("" "", $J34, 1) - 1)), 0)), VALUE(IF(REGEX"&"MATCH($L34, "" ""), LEFT($L34, (FIND("" "", $L34, 1) - 1)), 0)), VALUE(IF(REGEXMATCH($N34, "" ""), LEFT($N34, (FIND("" "", $N34, 1) - 1)), 0)), VALUE(IF(REGEXMATCH($P34, "" ""), LEFT($P34, (FIND("" "", $P34, 1) - 1)), 0)), VALUE(IF(REGEXMATCH($R34, "" "")"&", LEFT($R34, (FIND("" "", $R34, 1) - 1)), 0)), VALUE(IF(REGEXMATCH($T34, "" ""), LEFT($T34, (FIND("" "", $T34, 1) - 1)), 0)), VALUE(IF(REGEXMATCH($V34, "" ""), LEFT($V34, (FIND("" "", $V34, 1) - 1)), 0)))"),8.1) -> 8.1 | X34: =$W34*1.25 -> 10.125
A35: 35 | B35: 160118733035 | C35: Mudavath prakash | E35: DBS | F35: 8.5 LPA | W35: =IFERROR(__xludf.DUMMYFUNCTION("MAX(VALUE(IF(REGEXMATCH($F35, "" ""), LEFT($F35, (FIND("" "", $F35, 1) - 1)), 0)), VALUE(IF(REGEXMATCH($H35, "" ""), LEFT($H35, (FIND("" "", $H35, 1) - 1)), 0)), VALUE(IF(REGEXMATCH($J35, "" ""), LEFT($J35, (FIND("" "", $J35, 1) - 1)), 0)), VALUE(IF(REGEX"&"MATCH($L35, "" ""), LEFT($L35, (FIND("" "", $L35, 1) - 1)), 0)), VALUE(IF(REGEXMATCH($N35, "" ""), LEFT($N35, (FIND("" "", $N35, 1) - 1)), 0)), VALUE(IF(REGEXMATCH($P35, "" ""), LEFT($P35, (FIND("" "", $P35, 1) - 1)), 0)), VALUE(IF(REGEXMATCH($R35, "" "")"&", LEFT($R35, (FIND("" "", $R35, 1) - 1)), 0)), VALUE(IF(REGEXMATCH($T35, "" ""), LEFT($T35, (FIND("" "", $T35, 1) - 1)), 0)), VALUE(IF(REGEXMATCH($V35, "" ""), LEFT($V35, (FIND("" "", $V35, 1) - 1)), 0)))"),8.5) -> 8.5 | X35: =$W35*1.25 -> 10.625
A36: 36 | B36: 160118733036 | C36: Pranav vinod kaple | D36: YES | E36: Cognizant GenC Next | F36: 6.75 LPA | W36: =IFERROR(__xludf.DUMMYFUNCTION("MAX(VALUE(IF(REGEXMATCH($F36, "" ""), LEFT($F36, (FIND("" "", $F36, 1) - 1)), 0)), VALUE(IF(REGEXMATCH($H36, "" ""), LEFT($H36, (FIND("" "", $H36, 1) - 1)), 0)), VALUE(IF(REGEXMATCH($J36, "" ""), LEFT($J36, (FIND("" "", $J36, 1) - 1)), 0)), VALUE(IF(REGEX"&"MATCH($L36, "" ""), LEFT($L36, (FIND("" "", $L36, 1) - 1)), 0)), VALUE(IF(REGEXMATCH($N36, "" ""), LEFT($N36, (FIND("" "", $N36, 1) - 1)), 0)), VALUE(IF(REGEXMATCH($P36, "" ""), LEFT($P36, (FIND("" "", $P36, 1) - 1)), 0)), VALUE(IF(REGEXMATCH($R36, "" "")"&", LEFT($R36, (FIND("" "", $R36, 1) - 1)), 0)), VALUE(IF(REGEXMATCH($T36, "" ""), LEFT($T36, (FIND("" "", $T36, 1) - 1)), 0)), VALUE(IF(REGEXMATCH($V36, "" ""), LEFT($V36, (FIND("" "", $V36, 1) - 1)), 0)))"),6.75) -> 6.75 | X36: =$W36*1.25 -> 8.4375
A37: 37 | B37: 160118733037 | C37: Dendi Praneeth Reddy | W37: =IFERROR(__xludf.DUMMYFUNCTION("MAX(VALUE(IF(REGEXMATCH($F37, "" ""), LEFT($F37, (FIND("" "", $F37, 1) - 1)), 0)), VALUE(IF(REGEXMATCH($H37, "" ""), LEFT($H37, (FIND("" "", $H37, 1) - 1)), 0)), VALUE(IF(REGEXMATCH($J37, "" ""), LEFT($J37, (FIND("" "", $J37, 1) - 1)), 0)), VALUE(IF(REGEX"&"MATCH($L37, "" ""), LEFT($L37, (FIND("" "", $L37, 1) - 1)), 0)), VALUE(IF(REGEXMATCH($N37, "" ""), LEFT($N37, (FIND("" "", $N37, 1) - 1)), 0)), VALUE(IF(REGEXMATCH($P37, "" ""), LEFT($P37, (FIND("" "", $P37, 1) - 1)), 0)), VALUE(IF(REGEXMATCH($R37, "" "")"&", LEFT($R37, (FIND("" "", $R37, 1) - 1)), 0)), VALUE(IF(REGEXMATCH($T37, "" ""), LEFT($T37, (FIND("" "", $T37, 1) - 1)), 0)), VALUE(IF(REGEXMATCH($V37, "" ""), LEFT($V37, (FIND("" "", $V37, 1) - 1)), 0)))"),0.0) -> 0 | X37: =$W37*1.25 -> 0
A38: 38 | B38: 160118733038 | C38: Rama Krishna Parjanya Varanasi | D38: YES | E38: JPMC (PPO) | F38: 14 LPA | W38: =IFERROR(__xludf.DUMMYFUNCTION("MAX(VALUE(IF(REGEXMATCH($F38, "" ""), LEFT($F38, (FIND("" "", $F38, 1) - 1)), 0)), VALUE(IF(REGEXMATCH($H38, "" ""), LEFT($H38, (FIND("" "", $H38, 1) - 1)), 0)), VALUE(IF(REGEXMATCH($J38, "" ""), LEFT($J38, (FIND("" "", $J38, 1) - 1)), 0)), VALUE(IF(REGEX"&"MATCH($L38, "" ""), LEFT($L38, (FIND("" "", $L38, 1) - 1)), 0)), VALUE(IF(REGEXMATCH($N38, "" ""), LEFT($N38, (FIND("" "", $N38, 1) - 1)), 0)), VALUE(IF(REGEXMATCH($P38, "" ""), LEFT($P38, (FIND("" "", $P38, 1) - 1)), 0)), VALUE(IF(REGEXMATCH($R38, "" "")"&", LEFT($R38, (FIND("" "", $R38, 1) - 1)), 0)), VALUE(IF(REGEXMATCH($T38, "" ""), LEFT($T38, (FIND("" "", $T38, 1) - 1)), 0)), VALUE(IF(REGEXMATCH($V38, "" ""), LEFT($V38, (FIND("" "", $V38, 1) - 1)), 0)))"),14.0) -> 14 | X38: =$W38*1.25 -> 17.5
A39: 39 | B39: 160118733039 | C39: Rama Krishna Reddy Rela | D39: YES | E39: Cognizant GenC | F39: 4 LPA | G39: Merilytics | H39: 6.5 LPA | I39: Wipro | J39: 3.5 LPA | W39: =IFERROR(__xludf.DUMMYFUNCTION("MAX(VALUE(IF(REGEXMATCH($F39, "" ""), LEFT($F39, (FIND("" "", $F39, 1) - 1)), 0)), VALUE(IF(REGEXMATCH($H39, "" ""), LEFT($H39, (FIND("" "", $H39, 1) - 1)), 0)), VALUE(IF(REGEXMATCH($J39, "" ""), LEFT($J39, (FIND("" "", $J39, 1) - 1)), 0)), VALUE(IF(REGEX"&"MATCH($L39, "" ""), LEFT($L39, (FIND("" "", $L39, 1) - 1)), 0)), VALUE(IF(REGEXMATCH($N39, "" ""), LEFT($N39, (FIND("" "", $N39, 1) - 1)), 0)), VALUE(IF(REGEXMATCH($P39, "" ""), LEFT($P39, (FIND("" "", $P39, 1) - 1)), 0)), VALUE(IF(REGEXMATCH($R39, "" "")"&", LEFT($R39, (FIND("" "", $R39, 1) - 1)), 0)), VALUE(IF(REGEXMATCH($T39, "" ""), LEFT($T39, (FIND("" "", $T39, 1) - 1)), 0)), VALUE(IF(REGEXMATCH($V39, "" ""), LEFT($V39, (FIND("" "", $V39, 1) - 1)), 0)))"),6.5) -> 6.5 | X39: =$W39*1.25 -> 8.125
A40: 41 | B40: 160118733041 | C40: S Revanth Reddy | D40: YES | E40: Cognizant GenC Elevate | F40: 4 LPA | G40: Wipro | H40: 3.5 LPA | I40: Infosys (SE) | J40: 3.6 LPA | W40: =IFERROR(__xludf.DUMMYFUNCTION("MAX(VALUE(IF(REGEXMATCH($F40, "" ""), LEFT($F40, (FIND("" "", $F40, 1) - 1)), 0)), VALUE(IF(REGEXMATCH($H40, "" ""), LEFT($H40, (FIND("" "", $H40, 1) - 1)), 0)), VALUE(IF(REGEXMATCH($J40, "" ""), LEFT($J40, (FIND("" "", $J40, 1) - 1)), 0)), VALUE(IF(REGEX"&"MATCH($L40, "" ""), LEFT($L40, (FIND("" "", $L40, 1) - 1)), 0)), VALUE(IF(REGEXMATCH($N40, "" ""), LEFT($N40, (FIND("" "", $N40, 1) - 1)), 0)), VALUE(IF(REGEXMATCH($P40, "" ""), LEFT($P40, (FIND("" "", $P40, 1) - 1)), 0)), VALUE(IF(REGEXMATCH($R40, "" "")"&", LEFT($R40, (FIND("" "", $R40, 1) - 1)), 0)), VALUE(IF(REGEXMATCH($T40, "" ""), LEFT($T40, (FIND("" "", $T40, 1) - 1)), 0)), VALUE(IF(REGEXMATCH($V40, "" ""), LEFT($V40, (FIND("" "", $V40, 1) - 1)), 0)))"),4.0) -> 4 | X40: =$W40*1.25 -> 5
A41: 42 | B41: 160118733042 | C41: Rohit Kumar Bandaru | W41: =IFERROR(__xludf.DUMMYFUNCTION("MAX(VALUE(IF(REGEXMATCH($F41, "" ""), LEFT($F41, (FIND("" "", $F41, 1) - 1)), 0)), VALUE(IF(REGEXMATCH($H41, "" ""), LEFT($H41, (FIND("" "", $H41, 1) - 1)), 0)), VALUE(IF(REGEXMATCH($J41, "" ""), LEFT($J41, (FIND("" "", $J41, 1) - 1)), 0)), VALUE(IF(REGEX"&"MATCH($L41, "" ""), LEFT($L41, (FIND("" "", $L41, 1) - 1)), 0)), VALUE(IF(REGEXMATCH($N41, "" ""), LEFT($N41, (FIND("" "", $N41, 1) - 1)), 0)), VALUE(IF(REGEXMATCH($P41, "" ""), LEFT($P41, (FIND("" "", $P41, 1) - 1)), 0)), VALUE(IF(REGEXMATCH($R41, "" "")"&", LEFT($R41, (FIND("" "", $R41, 1) - 1)), 0)), VALUE(IF(REGEXMATCH($T41, "" ""), LEFT($T41, (FIND("" "", $T41, 1) - 1)), 0)), VALUE(IF(REGEXMATCH($V41, "" ""), LEFT($V41, (FIND("" "", $V41, 1) - 1)), 0)))"),0.0) -> 0 | X41: =$W41*1.25 -> 0
A42: 43 | B42: 160118733043 | C42: Kalyan Sai Bandhakavi | E42: Deloitte (Consulting) | F42: 7.6 LPA | W42: =IFERROR(__xludf.DUMMYFUNCTION("MAX(VALUE(IF(REGEXMATCH($F42, "" ""), LEFT($F42, (FIND("" "", $F42, 1) - 1)), 0)), VALUE(IF(REGEXMATCH($H42, "" ""), LEFT($H42, (FIND("" "", $H42, 1) - 1)), 0)), VALUE(IF(REGEXMATCH($J42, "" ""), LEFT($J42, (FIND("" "", $J42, 1) - 1)), 0)), VALUE(IF(REGEX"&"MATCH($L42, "" ""), LEFT($L42, (FIND("" "", $L42, 1) - 1)), 0)), VALUE(IF(REGEXMATCH($N42, "" ""), LEFT($N42, (FIND("" "", $N42, 1) - 1)), 0)), VALUE(IF(REGEXMATCH($P42, "" ""), LEFT($P42, (FIND("" "", $P42, 1) - 1)), 0)), VALUE(IF(REGEXMATCH($R42, "" "")"&", LEFT($R42, (FIND("" "", $R42, 1) - 1)), 0)), VALUE(IF(REGEXMATCH($T42, "" ""), LEFT($T42, (FIND("" "", $T42, 1) - 1)), 0)), VALUE(IF(REGEXMATCH($V42, "" ""), LEFT($V42, (FIND("" "", $V42, 1) - 1)), 0)))"),7.6) -> 7.6 | X42: =$W42*1.25 -> 9.5
A43: 44 | B43: 160118733044 | C43: Katroth Sai Shashanth | D43: YES | E43: Micron (IT Engineering) | F43: 8.1 LPA | W43: =IFERROR(__xludf.DUMMYFUNCTION("MAX(VALUE(IF(REGEXMATCH($F43, "" ""), LEFT($F43, (FIND("" "", $F43, 1) - 1)), 0)), VALUE(IF(REGEXMATCH($H43, "" ""), LEFT($H43, (FIND("" "", $H43, 1) - 1)), 0)), VALUE(IF(REGEXMATCH($J43, "" ""), LEFT($J43, (FIND("" "", $J43, 1) - 1)), 0)), VALUE(IF(REGEX"&"MATCH($L43, "" ""), LEFT($L43, (FIND("" "", $L43, 1) - 1)), 0)), VALUE(IF(REGEXMATCH($N43, "" ""), LEFT($N43, (FIND("" "", $N43, 1) - 1)), 0)), VALUE(IF(REGEXMATCH($P43, "" ""), LEFT($P43, (FIND("" "", $P43, 1) - 1)), 0)), VALUE(IF(REGEXMATCH($R43, "" "")"&", LEFT($R43, (FIND("" "", $R43, 1) - 1)), 0)), VALUE(IF(REGEXMATCH($T43, "" ""), LEFT($T43, (FIND("" "", $T43, 1) - 1)), 0)), VALUE(IF(REGEXMATCH($V43, "" ""), LEFT($V43, (FIND("" "", $V43, 1) - 1)), 0)))"),8.1) -> 8.1 | X43: =$W43*1.25 -> 10.125
A44: 45 | B44: 160118733045 | C44: Saikumar Kaleru | E44: Advance Auto Parts (PPO) | F44: 9 LPA | G44: Infosys (SE) | H44: 3.6 LPA | W44: =IFERROR(__xludf.DUMMYFUNCTION("MAX(VALUE(IF(REGEXMATCH($F44, "" ""), LEFT($F44, (FIND("" "", $F44, 1) - 1)), 0)), VALUE(IF(REGEXMATCH($H44, "" ""), LEFT($H44, (FIND("" "", $H44, 1) - 1)), 0)), VALUE(IF(REGEXMATCH($J44, "" ""), LEFT($J44, (FIND("" "", $J44, 1) - 1)), 0)), VALUE(IF(REGEX"&"MATCH($L44, "" ""), LEFT($L44, (FIND("" "", $L44, 1) - 1)), 0)), VALUE(IF(REGEXMATCH($N44, "" ""), LEFT($N44, (FIND("" "", $N44, 1) - 1)), 0)), VALUE(IF(REGEXMATCH($P44, "" ""), LEFT($P44, (FIND("" "", $P44, 1) - 1)), 0)), VALUE(IF(REGEXMATCH($R44, "" "")"&", LEFT($R44, (FIND("" "", $R44, 1) - 1)), 0)), VALUE(IF(REGEXMATCH($T44, "" ""), LEFT($T44, (FIND("" "", $T44, 1) - 1)), 0)), VALUE(IF(REGEXMATCH($V44, "" ""), LEFT($V44, (FIND("" "", $V44, 1) - 1)), 0)))"),9.0) -> 9 | X44: =$W44*1.25 -> 11.25
A45: 46 | B45: 160118733046 | C45: Dhondi Santhosh Sai | D45: YES | E45: Accolite | F45: 8 LPA | G45: Barclays | H45: 12.73 LPA | I45: Amazon | J45: 33 LPA | K45: Infosys (DSE) | L45: 6.25 LPA | W45: =IFERROR(__xludf.DUMMYFUNCTION("MAX(VALUE(IF(REGEXMATCH($F45, "" ""), LEFT($F45, (FIND("" "", $F45, 1) - 1)), 0)), VALUE(IF(REGEXMATCH($H45, "" ""), LEFT($H45, (FIND("" "", $H45, 1) - 1)), 0)), VALUE(IF(REGEXMATCH($J45, "" ""), LEFT($J45, (FIND("" "", $J45, 1) - 1)), 0)), VALUE(IF(REGEX"&"MATCH($L45, "" ""), LEFT($L45, (FIND("" "", $L45, 1) - 1)), 0)), VALUE(IF(REGEXMATCH($N45, "" ""), LEFT($N45, (FIND("" "", $N45, 1) - 1)), 0)), VALUE(IF(REGEXMATCH($P45, "" ""), LEFT($P45, (FIND("" "", $P45, 1) - 1)), 0)), VALUE(IF(REGEXMATCH($R45, "" "")"&", LEFT($R45, (FIND("" "", $R45, 1) - 1)), 0)), VALUE(IF(REGEXMATCH($T45, "" ""), LEFT($T45, (FIND("" "", $T45, 1) - 1)), 0)), VALUE(IF(REGEXMATCH($V45, "" ""), LEFT($V45, (FIND("" "", $V45, 1) - 1)), 0)))"),33.0) -> 33 | X45: =$W45*1.25 -> 41.25
A46: 47 | B46: 160118733047 | C46: Sathvik Thandra | W46: =IFERROR(__xludf.DUMMYFUNCTION("MAX(VALUE(IF(REGEXMATCH($F46, "" ""), LEFT($F46, (FIND("" "", $F46, 1) - 1)), 0)), VALUE(IF(REGEXMATCH($H46, "" ""), LEFT($H46, (FIND("" "", $H46, 1) - 1)), 0)), VALUE(IF(REGEXMATCH($J46, "" ""), LEFT($J46, (FIND("" "", $J46, 1) - 1)), 0)), VALUE(IF(REGEX"&"MATCH($L46, "" ""), LEFT($L46, (FIND("" "", $L46, 1) - 1)), 0)), VALUE(IF(REGEXMATCH($N46, "" ""), LEFT($N46, (FIND("" "", $N46, 1) - 1)), 0)), VALUE(IF(REGEXMATCH($P46, "" ""), LEFT($P46, (FIND("" "", $P46, 1) - 1)), 0)), VALUE(IF(REGEXMATCH($R46, "" "")"&", LEFT($R46, (FIND("" "", $R46, 1) - 1)), 0)), VALUE(IF(REGEXMATCH($T46, "" ""), LEFT($T46, (FIND("" "", $T46, 1) - 1)), 0)), VALUE(IF(REGEXMATCH($V46, "" ""), LEFT($V46, (FIND("" "", $V46, 1) - 1)), 0)))"),0.0) -> 0 | X46: =$W46*1.25 -> 0
A47: 48 | B47: 160118733048 | C47: Siva Rama Krishnan V K | E47: Deloitte (Consulting) | F47: 7.6 LPA | W47: =IFERROR(__xludf.DUMMYFUNCTION("MAX(VALUE(IF(REGEXMATCH($F47, "" ""), LEFT($F47, (FIND("" "", $F47, 1) - 1)), 0)), VALUE(IF(REGEXMATCH($H47, "" ""), LEFT($H47, (FIND("" "", $H47, 1) - 1)), 0)), VALUE(IF(REGEXMATCH($J47, "" ""), LEFT($J47, (FIND("" "", $J47, 1) - 1)), 0)), VALUE(IF(REGEX"&"MATCH($L47, "" ""), LEFT($L47, (FIND("" "", $L47, 1) - 1)), 0)), VALUE(IF(REGEXMATCH($N47, "" ""), LEFT($N47, (FIND("" "", $N47, 1) - 1)), 0)), VALUE(IF(REGEXMATCH($P47, "" ""), LEFT($P47, (FIND("" "", $P47, 1) - 1)), 0)), VALUE(IF(REGEXMATCH($R47, "" "")"&", LEFT($R47, (FIND("" "", $R47, 1) - 1)), 0)), VALUE(IF(REGEXMATCH($T47, "" ""), LEFT($T47, (FIND("" "", $T47, 1) - 1)), 0)), VALUE(IF(REGEXMATCH($V47, "" ""), LEFT($V47, (FIND("" "", $V47, 1) - 1)), 0)))"),7.6) -> 7.6 | X47: =$W47*1.25 -> 9.5
A48: 49 | B48: 160118733049 | C48: Machavolu sivaramasarma | W48: =IFERROR(__xludf.DUMMYFUNCTION("MAX(VALUE(IF(REGEXMATCH($F48, "" ""), LEFT($F48, (FIND("" "", $F48, 1) - 1)), 0)), VALUE(IF(REGEXMATCH($H48, "" ""), LEFT($H48, (FIND("" "", $H48, 1) - 1)), 0)), VALUE(IF(REGEXMATCH($J48, "" ""), LEFT($J48, (FIND("" "", $J48, 1) - 1)), 0)), VALUE(IF(REGEX"&"MATCH($L48, "" ""), LEFT($L48, (FIND("" "", $L48, 1) - 1)), 0)), VALUE(IF(REGEXMATCH($N48, "" ""), LEFT($N48, (FIND("" "", $N48, 1) - 1)), 0)), VALUE(IF(REGEXMATCH($P48, "" ""), LEFT($P48, (FIND("" "", $P48, 1) - 1)), 0)), VALUE(IF(REGEXMATCH($R48, "" "")"&", LEFT($R48, (FIND("" "", $R48, 1) - 1)), 0)), VALUE(IF(REGEXMATCH($T48, "" ""), LEFT($T48, (FIND("" "", $T48, 1) - 1)), 0)), VALUE(IF(REGEXMATCH($V48, "" ""), LEFT($V48, (FIND("" "", $V48, 1) - 1)), 0)))"),0.0) -> 0 | X48: =$W48*1.25 -> 0
A49: 50 | B49: 160118733050 | C49: SRIDHAR SHELGE | D49: YES | E49: Deloitte (Tax) | F49: 7.6 LPA | G49: Nutanix (Internship) | H49: 50k | W49: =IFERROR(__xludf.DUMMYFUNCTION("MAX(VALUE(IF(REGEXMATCH($F49, "" ""), LEFT($F49, (FIND("" "", $F49, 1) - 1)), 0)), VALUE(IF(REGEXMATCH($H49, "" ""), LEFT($H49, (FIND("" "", $H49, 1) - 1)), 0)), VALUE(IF(REGEXMATCH($J49, "" ""), LEFT($J49, (FIND("" "", $J49, 1) - 1)), 0)), VALUE(IF(REGEX"&"MATCH($L49, "" ""), LEFT($L49, (FIND("" "", $L49, 1) - 1)), 0)), VALUE(IF(REGEXMATCH($N49, "" ""), LEFT($N49, (FIND("" "", $N49, 1) - 1)), 0)), VALUE(IF(REGEXMATCH($P49, "" ""), LEFT($P49, (FIND("" "", $P49, 1) - 1)), 0)), VALUE(IF(REGEXMATCH($R49, "" "")"&", LEFT($R49, (FIND("" "", $R49, 1) - 1)), 0)), VALUE(IF(REGEXMATCH($T49, "" ""), LEFT($T49, (FIND("" "", $T49, 1) - 1)), 0)), VALUE(IF(REGEXMATCH($V49, "" ""), LEFT($V49, (FIND("" "", $V49, 1) - 1)), 0)))"),7.6) -> 7.6 | X49: =$W49*1.25 -> 9.5
A50: 51 | B50: 160118733051 | C50: MURUGESAN SUBRAMANI | D50: YES | E50: Accelerize 360 | F50: 7 LPA | G50: ServiceNow | H50: 25 LPA | I50: Infosys (DSE) | J50: 6.25 LPA | W50: =IFERROR(__xludf.DUMMYFUNCTION("MAX(VALUE(IF(REGEXMATCH($F50, "" ""), LEFT($F50, (FIND("" "", $F50, 1) - 1)), 0)), VALUE(IF(REGEXMATCH($H50, "" ""), LEFT($H50, (FIND("" "", $H50, 1) - 1)), 0)), VALUE(IF(REGEXMATCH($J50, "" ""), LEFT($J50, (FIND("" "", $J50, 1) - 1)), 0)), VALUE(IF(REGEX"&"MATCH($L50, "" ""), LEFT($L50, (FIND("" "", $L50, 1) - 1)), 0)), VALUE(IF(REGEXMATCH($N50, "" ""), LEFT($N50, (FIND("" "", $N50, 1) - 1)), 0)), VALUE(IF(REGEXMATCH($P50, "" ""), LEFT($P50, (FIND("" "", $P50, 1) - 1)), 0)), VALUE(IF(REGEXMATCH($R50, "" "")"&", LEFT($R50, (FIND("" "", $R50, 1) - 1)), 0)), VALUE(IF(REGEXMATCH($T50, "" ""), LEFT($T50, (FIND("" "", $T50, 1) - 1)), 0)), VALUE(IF(REGEXMATCH($V50, "" ""), LEFT($V50, (FIND("" "", $V50, 1) - 1)), 0)))"),25.0) -> 25 | X50: =$W50*1.25 -> 31.25
A51: 52 | B51: 160118733052 | C51: TARUN KUMAR SONI | D51: YES | E51: Cognizant GenC Elevate | F51: 4 LPA | G51: Modak Analytics | H51: 6 LPA | I51: Wipro | J51: 3.5 LPA | K51: Infosys (SE) | L51: 3.6 LPA | M51: Veritas | N51: 7.5 LPA | O51: Samsung (internship + job) | P51: 14.5 LPA, 30k | W51: =IFERROR(__xludf.DUMMYFUNCTION("MAX(VALUE(IF(REGEXMATCH($F51, "" ""), LEFT($F51, (FIND("" "", $F51, 1) - 1)), 0)), VALUE(IF(REGEXMATCH($H51, "" ""), LEFT($H51, (FIND("" "", $H51, 1) - 1)), 0)), VALUE(IF(REGEXMATCH($J51, "" ""), LEFT($J51, (FIND("" "", $J51, 1) - 1)), 0)), VALUE(IF(REGEX"&"MATCH($L51, "" ""), LEFT($L51, (FIND("" "", $L51, 1) - 1)), 0)), VALUE(IF(REGEXMATCH($N51, "" ""), LEFT($N51, (FIND("" "", $N51, 1) - 1)), 0)), VALUE(IF(REGEXMATCH($P51, "" ""), LEFT($P51, (FIND("" "", $P51, 1) - 1)), 0)), VALUE(IF(REGEXMATCH($R51, "" "")"&", LEFT($R51, (FIND("" "", $R51, 1) - 1)), 0)), VALUE(IF(REGEXMATCH($T51, "" ""), LEFT($T51, (FIND("" "", $T51, 1) - 1)), 0)), VALUE(IF(REGEXMATCH($V51, "" ""), LEFT($V51, (FIND("" "", $V51, 1) - 1)), 0)))"),14.5) -> 14.5 | X51: =$W51*1.25 -> 18.125
A52: 53 | B52: 160118733053 | C52: Vamshisai Perumandla | W52: =IFERROR(__xludf.DUMMYFUNCTION("MAX(VALUE(IF(REGEXMATCH($F52, "" ""), LEFT($F52, (FIND("" "", $F52, 1) - 1)), 0)), VALUE(IF(REGEXMATCH($H52, "" ""), LEFT($H52, (FIND("" "", $H52, 1) - 1)), 0)), VALUE(IF(REGEXMATCH($J52, "" ""), LEFT($J52, (FIND("" "", $J52, 1) - 1)), 0)), VALUE(IF(REGEX"&"MATCH($L52, "" ""), LEFT($L52, (FIND("" "", $L52, 1) - 1)), 0)), VALUE(IF(REGEXMATCH($N52, "" ""), LEFT($N52, (FIND("" "", $N52, 1) - 1)), 0)), VALUE(IF(REGEXMATCH($P52, "" ""), LEFT($P52, (FIND("" "", $P52, 1) - 1)), 0)), VALUE(IF(REGEXMATCH($R52, "" "")"&", LEFT($R52, (FIND("" "", $R52, 1) - 1)), 0)), VALUE(IF(REGEXMATCH($T52, "" ""), LEFT($T52, (FIND("" "", $T52, 1) - 1)), 0)), VALUE(IF(REGEXMATCH($V52, "" ""), LEFT($V52, (FIND("" "", $V52, 1) - 1)), 0)))"),0.0) -> 0 | X52: =$W52*1.25 -> 0
A53: 54 | B53: 160118733054 | C53: NAGIREDDY VENKATA JASWANTH REDDY | D53: YES | E53: Micron (MFG) | F53: 8.1 LPA | W53: =IFERROR(__xludf.DUMMYFUNCTION("MAX(VALUE(IF(REGEXMATCH($F53, "" ""), LEFT($F53, (FIND("" "", $F53, 1) - 1)), 0)), VALUE(IF(REGEXMATCH($H53, "" ""), LEFT($H53, (FIND("" "", $H53, 1) - 1)), 0)), VALUE(IF(REGEXMATCH($J53, "" ""), LEFT($J53, (FIND("" "", $J53, 1) - 1)), 0)), VALUE(IF(REGEX"&"MATCH($L53, "" ""), LEFT($L53, (FIND("" "", $L53, 1) - 1)), 0)), VALUE(IF(REGEXMATCH($N53, "" ""), LEFT($N53, (FIND("" "", $N53, 1) - 1)), 0)), VALUE(IF(REGEXMATCH($P53, "" ""), LEFT($P53, (FIND("" "", $P53, 1) - 1)), 0)), VALUE(IF(REGEXMATCH($R53, "" "")"&", LEFT($R53, (FIND("" "", $R53, 1) - 1)), 0)), VALUE(IF(REGEXMATCH($T53, "" ""), LEFT($T53, (FIND("" "", $T53, 1) - 1)), 0)), VALUE(IF(REGEXMATCH($V53, "" ""), LEFT($V53, (FIND("" "", $V53, 1) - 1)), 0)))"),8.1) -> 8.1 | X53: =$W53*1.25 -> 10.125
A54: 56 | B54: 160118733056 | C54: Thadkamadla Vikas | D54: YES | E54: Searce (Software Engineer) | F54: 7.5 LPA | G54: Modak Analytics | H54: 6 LPA | I54: Model N | J54: 8 LPA | W54: =IFERROR(__xludf.DUMMYFUNCTION("MAX(VALUE(IF(REGEXMATCH($F54, "" ""), LEFT($F54, (FIND("" "", $F54, 1) - 1)), 0)), VALUE(IF(REGEXMATCH($H54, "" ""), LEFT($H54, (FIND("" "", $H54, 1) - 1)), 0)), VALUE(IF(REGEXMATCH($J54, "" ""), LEFT($J54, (FIND("" "", $J54, 1) - 1)), 0)), VALUE(IF(REGEX"&"MATCH($L54, "" ""), LEFT($L54, (FIND("" "", $L54, 1) - 1)), 0)), VALUE(IF(REGEXMATCH($N54, "" ""), LEFT($N54, (FIND("" "", $N54, 1) - 1)), 0)), VALUE(IF(REGEXMATCH($P54, "" ""), LEFT($P54, (FIND("" "", $P54, 1) - 1)), 0)), VALUE(IF(REGEXMATCH($R54, "" "")"&", LEFT($R54, (FIND("" "", $R54, 1) - 1)), 0)), VALUE(IF(REGEXMATCH($T54, "" ""), LEFT($T54, (FIND("" "", $T54, 1) - 1)), 0)), VALUE(IF(REGEXMATCH($V54, "" ""), LEFT($V54, (FIND("" "", $V54, 1) - 1)), 0)))"),8.0) -> 8 | X54: =$W54*1.25 -> 10
A55: 58 | B55: 160118733058 | C55: SAKKARI VISHAL GOUD | D55: YES | E55: Cognizant GenC Elevate | F55: 4 LPA | G55: Infosys (DSE) | H55: 5 LPA | I55: Micron (Internship) | W55: =IFERROR(__xludf.DUMMYFUNCTION("MAX(VALUE(IF(REGEXMATCH($F55, "" ""), LEFT($F55, (FIND("" "", $F55, 1) - 1)), 0)), VALUE(IF(REGEXMATCH($H55, "" ""), LEFT($H55, (FIND("" "", $H55, 1) - 1)), 0)), VALUE(IF(REGEXMATCH($J55, "" ""), LEFT($J55, (FIND("" "", $J55, 1) - 1)), 0)), VALUE(IF(REGEX"&"MATCH($L55, "" ""), LEFT($L55, (FIND("" "", $L55, 1) - 1)), 0)), VALUE(IF(REGEXMATCH($N55, "" ""), LEFT($N55, (FIND("" "", $N55, 1) - 1)), 0)), VALUE(IF(REGEXMATCH($P55, "" ""), LEFT($P55, (FIND("" "", $P55, 1) - 1)), 0)), VALUE(IF(REGEXMATCH($R55, "" "")"&", LEFT($R55, (FIND("" "", $R55, 1) - 1)), 0)), VALUE(IF(REGEXMATCH($T55, "" ""), LEFT($T55, (FIND("" "", $T55, 1) - 1)), 0)), VALUE(IF(REGEXMATCH($V55, "" ""), LEFT($V55, (FIND("" "", $V55, 1) - 1)), 0)))"),5.0) -> 5 | X55: =$W55*1.25 -> 6.25
A56: 59 | B56: 160118733059 | C56: Yashwanth Arshanapally | E56: Barclays | F56: 12.73 LPA | W56: =IFERROR(__xludf.DUMMYFUNCTION("MAX(VALUE(IF(REGEXMATCH($F56, "" ""), LEFT($F56, (FIND("" "", $F56, 1) - 1)), 0)), VALUE(IF(REGEXMATCH($H56, "" ""), LEFT($H56, (FIND("" "", $H56, 1) - 1)), 0)), VALUE(IF(REGEXMATCH($J56, "" ""), LEFT($J56, (FIND("" "", $J56, 1) - 1)), 0)), VALUE(IF(REGEX"&"MATCH($L56, "" ""), LEFT($L56, (FIND("" "", $L56, 1) - 1)), 0)), VALUE(IF(REGEXMATCH($N56, "" ""), LEFT($N56, (FIND("" "", $N56, 1) - 1)), 0)), VALUE(IF(REGEXMATCH($P56, "" ""), LEFT($P56, (FIND("" "", $P56, 1) - 1)), 0)), VALUE(IF(REGEXMATCH($R56, "" "")"&", LEFT($R56, (FIND("" "", $R56, 1) - 1)), 0)), VALUE(IF(REGEXMATCH($T56, "" ""), LEFT($T56, (FIND("" "", $T56, 1) - 1)), 0)), VALUE(IF(REGEXMATCH($V56, "" ""), LEFT($V56, (FIND("" "", $V56, 1) - 1)), 0)))"),12.73) -> 12.73 | X56: =$W56*1.25 -> 15.9125
A57: 60 | B57: 160118733060 | C57: J Yashwanth | D57: YES | E57: Advance Auto Parts (PPO) | F57: 9 LPA | G57: ServiceNow | H57: 25 LPA | I57: Infosys (SE) | J57: 3.6 LPA | W57: =IFERROR(__xludf.DUMMYFUNCTION("MAX(VALUE(IF(REGEXMATCH($F57, "" ""), LEFT($F57, (FIND("" "", $F57, 1) - 1)), 0)), VALUE(IF(REGEXMATCH($H57, "" ""), LEFT($H57, (FIND("" "", $H57, 1) - 1)), 0)), VALUE(IF(REGEXMATCH($J57, "" ""), LEFT($J57, (FIND("" "", $J57, 1) - 1)), 0)), VALUE(IF(REGEX"&"MATCH($L57, "" ""), LEFT($L57, (FIND("" "", $L57, 1) - 1)), 0)), VALUE(IF(REGEXMATCH($N57, "" ""), LEFT($N57, (FIND("" "", $N57, 1) - 1)), 0)), VALUE(IF(REGEXMATCH($P57, "" ""), LEFT($P57, (FIND("" "", $P57, 1) - 1)), 0)), VALUE(IF(REGEXMATCH($R57, "" "")"&", LEFT($R57, (FIND("" "", $R57, 1) - 1)), 0)), VALUE(IF(REGEXMATCH($T57, "" ""), LEFT($T57, (FIND("" "", $T57, 1) - 1)), 0)), VALUE(IF(REGEXMATCH($V57, "" ""), LEFT($V57, (FIND("" "", $V57, 1) - 1)), 0)))"),25.0) -> 25 | X57: =$W57*1.25 -> 31.25
A58: 61 | B58: 160118733181 | C58: Anmol Maini | D58: YES | E58: Deloitte (PPO) | F58: 7.6 LPA | G58: Oracle (GBU) | H58: 16.64 LPA | W58: =IFERROR(__xludf.DUMMYFUNCTION("MAX(VALUE(IF(REGEXMATCH($F58, "" ""), LEFT($F58, (FIND("" "", $F58, 1) - 1)), 0)), VALUE(IF(REGEXMATCH($H58, "" ""), LEFT($H58, (FIND("" "", $H58, 1) - 1)), 0)), VALUE(IF(REGEXMATCH($J58, "" ""), LEFT($J58, (FIND("" "", $J58, 1) - 1)), 0)), VALUE(IF(REGEX"&"MATCH($L58, "" ""), LEFT($L58, (FIND("" "", $L58, 1) - 1)), 0)), VALUE(IF(REGEXMATCH($N58, "" ""), LEFT($N58, (FIND("" "", $N58, 1) - 1)), 0)), VALUE(IF(REGEXMATCH($P58, "" ""), LEFT($P58, (FIND("" "", $P58, 1) - 1)), 0)), VALUE(IF(REGEXMATCH($R58, "" "")"&", LEFT($R58, (FIND("" "", $R58, 1) - 1)), 0)), VALUE(IF(REGEXMATCH($T58, "" ""), LEFT($T58, (FIND("" "", $T58, 1) - 1)), 0)), VALUE(IF(REGEXMATCH($V58, "" ""), LEFT($V58, (FIND("" "", $V58, 1) - 1)), 0)))"),16.64) -> 16.64 | X58: =$W58*1.25 -> 20.8
A59: 62 | B59: 160118733182 | C59: Yuvraj Shalla | E59: Deloitte (Consulting) | F59: 7.6 LPA | W59: =IFERROR(__xludf.DUMMYFUNCTION("MAX(VALUE(IF(REGEXMATCH($F59, "" ""), LEFT($F59, (FIND("" "", $F59, 1) - 1)), 0)), VALUE(IF(REGEXMATCH($H59, "" ""), LEFT($H59, (FIND("" "", $H59, 1) - 1)), 0)), VALUE(IF(REGEXMATCH($J59, "" ""), LEFT($J59, (FIND("" "", $J59, 1) - 1)), 0)), VALUE(IF(REGEX"&"MATCH($L59, "" ""), LEFT($L59, (FIND("" "", $L59, 1) - 1)), 0)), VALUE(IF(REGEXMATCH($N59, "" ""), LEFT($N59, (FIND("" "", $N59, 1) - 1)), 0)), VALUE(IF(REGEXMATCH($P59, "" ""), LEFT($P59, (FIND("" "", $P59, 1) - 1)), 0)), VALUE(IF(REGEXMATCH($R59, "" "")"&", LEFT($R59, (FIND("" "", $R59, 1) - 1)), 0)), VALUE(IF(REGEXMATCH($T59, "" ""), LEFT($T59, (FIND("" "", $T59, 1) - 1)), 0)), VALUE(IF(REGEXMATCH($V59, "" ""), LEFT($V59, (FIND("" "", $V59, 1) - 1)), 0)))"),7.6) -> 7.6 | X59: =$W59*1.25 -> 9.5
A60: 63 | B60: 160118733301 | C60: Hemalatha Anthareddy | D60: YES | E60: JPMC | F60: 14 LPA | W60: =IFERROR(__xludf.DUMMYFUNCTION("MAX(VALUE(IF(REGEXMATCH($F60, "" ""), LEFT($F60, (FIND("" "", $F60, 1) - 1)), 0)), VALUE(IF(REGEXMATCH($H60, "" ""), LEFT($H60, (FIND("" "", $H60, 1) - 1)), 0)), VALUE(IF(REGEXMATCH($J60, "" ""), LEFT($J60, (FIND("" "", $J60, 1) - 1)), 0)), VALUE(IF(REGEX"&"MATCH($L60, "" ""), LEFT($L60, (FIND("" "", $L60, 1) - 1)), 0)), VALUE(IF(REGEXMATCH($N60, "" ""), LEFT($N60, (FIND("" "", $N60, 1) - 1)), 0)), VALUE(IF(REGEXMATCH($P60, "" ""), LEFT($P60, (FIND("" "", $P60, 1) - 1)), 0)), VALUE(IF(REGEXMATCH($R60, "" "")"&", LEFT($R60, (FIND("" "", $R60, 1) - 1)), 0)), VALUE(IF(REGEXMATCH($T60, "" ""), LEFT($T60, (FIND("" "", $T60, 1) - 1)), 0)), VALUE(IF(REGEXMATCH($V60, "" ""), LEFT($V60, (FIND("" "", $V60, 1) - 1)), 0)))"),14.0) -> 14 | X60: =$W60*1.25 -> 17.5
A61: 64 | B61: 160118733302 | C61: K Ganesh Yadav | E61: LTI (Level 1) | F61: 5 LPA | W61: =IFERROR(__xludf.DUMMYFUNCTION("MAX(VALUE(IF(REGEXMATCH($F61, "" ""), LEFT($F61, (FIND("" "", $F61, 1) - 1)), 0)), VALUE(IF(REGEXMATCH($H61, "" ""), LEFT($H61, (FIND("" "", $H61, 1) - 1)), 0)), VALUE(IF(REGEXMATCH($J61, "" ""), LEFT($J61, (FIND("" "", $J61, 1) - 1)), 0)), VALUE(IF(REGEX"&"MATCH($L61, "" ""), LEFT($L61, (FIND("" "", $L61, 1) - 1)), 0)), VALUE(IF(REGEXMATCH($N61, "" ""), LEFT($N61, (FIND("" "", $N61, 1) - 1)), 0)), VALUE(IF(REGEXMATCH($P61, "" ""), LEFT($P61, (FIND("" "", $P61, 1) - 1)), 0)), VALUE(IF(REGEXMATCH($R61, "" "")"&", LEFT($R61, (FIND("" "", $R61, 1) - 1)), 0)), VALUE(IF(REGEXMATCH($T61, "" ""), LEFT($T61, (FIND("" "", $T61, 1) - 1)), 0)), VALUE(IF(REGEXMATCH($V61, "" ""), LEFT($V61, (FIND("" "", $V61, 1) - 1)), 0)))"),5.0) -> 5 | X61: =$W61*1.25 -> 6.25
A62: 65 | B62: 160118733303 | C62: Harshasri Yennam | D62: YES | E62: Accolite | F62: 8 LPA | W62: =IFERROR(__xludf.DUMMYFUNCTION("MAX(VALUE(IF(REGEXMATCH($F62, "" ""), LEFT($F62, (FIND("" "", $F62, 1) - 1)), 0)), VALUE(IF(REGEXMATCH($H62, "" ""), LEFT($H62, (FIND("" "", $H62, 1) - 1)), 0)), VALUE(IF(REGEXMATCH($J62, "" ""), LEFT($J62, (FIND("" "", $J62, 1) - 1)), 0)), VALUE(IF(REGEX"&"MATCH($L62, "" ""), LEFT($L62, (FIND("" "", $L62, 1) - 1)), 0)), VALUE(IF(REGEXMATCH($N62, "" ""), LEFT($N62, (FIND("" "", $N62, 1) - 1)), 0)), VALUE(IF(REGEXMATCH($P62, "" ""), LEFT($P62, (FIND("" "", $P62, 1) - 1)), 0)), VALUE(IF(REGEXMATCH($R62, "" "")"&", LEFT($R62, (FIND("" "", $R62, 1) - 1)), 0)), VALUE(IF(REGEXMATCH($T62, "" ""), LEFT($T62, (FIND("" "", $T62, 1) - 1)), 0)), VALUE(IF(REGEXMATCH($V62, "" ""), LEFT($V62, (FIND("" "", $V62, 1) - 1)), 0)))"),8.0) -> 8 | X62: =$W62*1.25 -> 10
A63: 66 | B63: 160118733304 | C63: Sai sumanth Mahadevuni | E63: Accenture (ASE) | F63: 4.5 LPA | G63: LTI (Level 1) | H63: 5 LPA | I63: Wipro | J63: 3.5 LPA | W63: =IFERROR(__xludf.DUMMYFUNCTION("MAX(VALUE(IF(REGEXMATCH($F63, "" ""), LEFT($F63, (FIND("" "", $F63, 1) - 1)), 0)), VALUE(IF(REGEXMATCH($H63, "" ""), LEFT($H63, (FIND("" "", $H63, 1) - 1)), 0)), VALUE(IF(REGEXMATCH($J63, "" ""), LEFT($J63, (FIND("" "", $J63, 1) - 1)), 0)), VALUE(IF(REGEX"&"MATCH($L63, "" ""), LEFT($L63, (FIND("" "", $L63, 1) - 1)), 0)), VALUE(IF(REGEXMATCH($N63, "" ""), LEFT($N63, (FIND("" "", $N63, 1) - 1)), 0)), VALUE(IF(REGEXMATCH($P63, "" ""), LEFT($P63, (FIND("" "", $P63, 1) - 1)), 0)), VALUE(IF(REGEXMATCH($R63, "" "")"&", LEFT($R63, (FIND("" "", $R63, 1) - 1)), 0)), VALUE(IF(REGEXMATCH($T63, "" ""), LEFT($T63, (FIND("" "", $T63, 1) - 1)), 0)), VALUE(IF(REGEXMATCH($V63, "" ""), LEFT($V63, (FIND("" "", $V63, 1) - 1)), 0)))"),5.0) -> 5 | X63: =$W63*1.25 -> 6.25
A64: 67 | B64: 160118733305 | C64: Gouthami Gongidi | E64: Deloitte (Consulting) | F64: 7.6 LPA | W64: =IFERROR(__xludf.DUMMYFUNCTION("MAX(VALUE(IF(REGEXMATCH($F64, "" ""), LEFT($F64, (FIND("" "", $F64, 1) - 1)), 0)), VALUE(IF(REGEXMATCH($H64, "" ""), LEFT($H64, (FIND("" "", $H64, 1) - 1)), 0)), VALUE(IF(REGEXMATCH($J64, "" ""), LEFT($J64, (FIND("" "", $J64, 1) - 1)), 0)), VALUE(IF(REGEX"&"MATCH($L64, "" ""), LEFT($L64, (FIND("" "", $L64, 1) - 1)), 0)), VALUE(IF(REGEXMATCH($N64, "" ""), LEFT($N64, (FIND("" "", $N64, 1) - 1)), 0)), VALUE(IF(REGEXMATCH($P64, "" ""), LEFT($P64, (FIND("" "", $P64, 1) - 1)), 0)), VALUE(IF(REGEXMATCH($R64, "" "")"&", LEFT($R64, (FIND("" "", $R64, 1) - 1)), 0)), VALUE(IF(REGEXMATCH($T64, "" ""), LEFT($T64, (FIND("" "", $T64, 1) - 1)), 0)), VALUE(IF(REGEXMATCH($V64, "" ""), LEFT($V64, (FIND("" "", $V64, 1) - 1)), 0)))"),7.6) -> 7.6 | X64: =$W64*1.25 -> 9.5
A65: 68 | B65: 160118733306 | C65: Battu Sainath | E65: Wipro | F65: 3.5 LPA | W65: =IFERROR(__xludf.DUMMYFUNCTION("MAX(VALUE(IF(REGEXMATCH($F65, "" ""), LEFT($F65, (FIND("" "", $F65, 1) - 1)), 0)), VALUE(IF(REGEXMATCH($H65, "" ""), LEFT($H65, (FIND("" "", $H65, 1) - 1)), 0)), VALUE(IF(REGEXMATCH($J65, "" ""), LEFT($J65, (FIND("" "", $J65, 1) - 1)), 0)), VALUE(IF(REGEX"&"MATCH($L65, "" ""), LEFT($L65, (FIND("" "", $L65, 1) - 1)), 0)), VALUE(IF(REGEXMATCH($N65, "" ""), LEFT($N65, (FIND("" "", $N65, 1) - 1)), 0)), VALUE(IF(REGEXMATCH($P65, "" ""), LEFT($P65, (FIND("" "", $P65, 1) - 1)), 0)), VALUE(IF(REGEXMATCH($R65, "" "")"&", LEFT($R65, (FIND("" "", $R65, 1) - 1)), 0)), VALUE(IF(REGEXMATCH($T65, "" ""), LEFT($T65, (FIND("" "", $T65, 1) - 1)), 0)), VALUE(IF(REGEXMATCH($V65, "" ""), LEFT($V65, (FIND("" "", $V65, 1) - 1)), 0)))"),3.5) -> 3.5 | X65: =$W65*1.25 -> 4.375
A66: 69 | B66: 160117733015 | C66: Revu Sai Roopa Amrutha | E66: Deloitte (Consulting) | F66: 7.6 LPA | G66: Barclays | H66: 12.73 LPA | I66: Infosys (DSE) | J66: 5 LPA | K66: Accenture (ASE) | L66: 4.5 LPA | W66: =IFERROR(__xludf.DUMMYFUNCTION("MAX(VALUE(IF(REGEXMATCH($F66, "" ""), LEFT($F66, (FIND("" "", $F66, 1) - 1)), 0)), VALUE(IF(REGEXMATCH($H66, "" ""), LEFT($H66, (FIND("" "", $H66, 1) - 1)), 0)), VALUE(IF(REGEXMATCH($J66, "" ""), LEFT($J66, (FIND("" "", $J66, 1) - 1)), 0)), VALUE(IF(REGEX"&"MATCH($L66, "" ""), LEFT($L66, (FIND("" "", $L66, 1) - 1)), 0)), VALUE(IF(REGEXMATCH($N66, "" ""), LEFT($N66, (FIND("" "", $N66, 1) - 1)), 0)), VALUE(IF(REGEXMATCH($P66, "" ""), LEFT($P66, (FIND("" "", $P66, 1) - 1)), 0)), VALUE(IF(REGEXMATCH($R66, "" "")"&", LEFT($R66, (FIND("" "", $R66, 1) - 1)), 0)), VALUE(IF(REGEXMATCH($T66, "" ""), LEFT($T66, (FIND("" "", $T66, 1) - 1)), 0)), VALUE(IF(REGEXMATCH($V66, "" ""), LEFT($V66, (FIND("" "", $V66, 1) - 1)), 0)))"),12.73) -> 12.73 | X66: =$W66*1.25 -> 15.9125
A67: 70 | B67: 160117733027 | C67: MULLAPUDI CHANDRA BABU | W67: =IFERROR(__xludf.DUMMYFUNCTION("MAX(VALUE(IF(REGEXMATCH($F67, "" ""), LEFT($F67, (FIND("" "", $F67, 1) - 1)), 0)), VALUE(IF(REGEXMATCH($H67, "" ""), LEFT($H67, (FIND("" "", $H67, 1) - 1)), 0)), VALUE(IF(REGEXMATCH($J67, "" ""), LEFT($J67, (FIND("" "", $J67, 1) - 1)), 0)), VALUE(IF(REGEX"&"MATCH($L67, "" ""), LEFT($L67, (FIND("" "", $L67, 1) - 1)), 0)), VALUE(IF(REGEXMATCH($N67, "" ""), LEFT($N67, (FIND("" "", $N67, 1) - 1)), 0)), VALUE(IF(REGEXMATCH($P67, "" ""), LEFT($P67, (FIND("" "", $P67, 1) - 1)), 0)), VALUE(IF(REGEXMATCH($R67, "" "")"&", LEFT($R67, (FIND("" "", $R67, 1) - 1)), 0)), VALUE(IF(REGEXMATCH($T67, "" ""), LEFT($T67, (FIND("" "", $T67, 1) - 1)), 0)), VALUE(IF(REGEXMATCH($V67, "" ""), LEFT($V67, (FIND("" "", $V67, 1) - 1)), 0)))"),0.0) -> 0 | X67: =$W67*1.25 -> 0
A68: 71 | B68: 160117733035 | C68: Baddam Nithin reddy | W68: =IFERROR(__xludf.DUMMYFUNCTION("MAX(VALUE(IF(REGEXMATCH($F68, "" ""), LEFT($F68, (FIND("" "", $F68, 1) - 1)), 0)), VALUE(IF(REGEXMATCH($H68, "" ""), LEFT($H68, (FIND("" "", $H68, 1) - 1)), 0)), VALUE(IF(REGEXMATCH($J68, "" ""), LEFT($J68, (FIND("" "", $J68, 1) - 1)), 0)), VALUE(IF(REGEX"&"MATCH($L68, "" ""), LEFT($L68, (FIND("" "", $L68, 1) - 1)), 0)), VALUE(IF(REGEXMATCH($N68, "" ""), LEFT($N68, (FIND("" "", $N68, 1) - 1)), 0)), VALUE(IF(REGEXMATCH($P68, "" ""), LEFT($P68, (FIND("" "", $P68, 1) - 1)), 0)), VALUE(IF(REGEXMATCH($R68, "" "")"&", LEFT($R68, (FIND("" "", $R68, 1) - 1)), 0)), VALUE(IF(REGEXMATCH($T68, "" ""), LEFT($T68, (FIND("" "", $T68, 1) - 1)), 0)), VALUE(IF(REGEXMATCH($V68, "" ""), LEFT($V68, (FIND("" "", $V68, 1) - 1)), 0)))"),0.0) -> 0 | X68: =$W68*1.25 -> 0
A69: 72 | B69: 160117733039 | C69: N.Rohith Reddy | W69: =IFERROR(__xludf.DUMMYFUNCTION("MAX(VALUE(IF(REGEXMATCH($F69, "" ""), LEFT($F69, (FIND("" "", $F69, 1) - 1)), 0)), VALUE(IF(REGEXMATCH($H69, "" ""), LEFT($H69, (FIND("" "", $H69, 1) - 1)), 0)), VALUE(IF(REGEXMATCH($J69, "" ""), LEFT($J69, (FIND("" "", $J69, 1) - 1)), 0)), VALUE(IF(REGEX"&"MATCH($L69, "" ""), LEFT($L69, (FIND("" "", $L69, 1) - 1)), 0)), VALUE(IF(REGEXMATCH($N69, "" ""), LEFT($N69, (FIND("" "", $N69, 1) - 1)), 0)), VALUE(IF(REGEXMATCH($P69, "" ""), LEFT($P69, (FIND("" "", $P69, 1) - 1)), 0)), VALUE(IF(REGEXMATCH($R69, "" "")"&", LEFT($R69, (FIND("" "", $R69, 1) - 1)), 0)), VALUE(IF(REGEXMATCH($T69, "" ""), LEFT($T69, (FIND("" "", $T69, 1) - 1)), 0)), VALUE(IF(REGEXMATCH($V69, "" ""), LEFT($V69, (FIND("" "", $V69, 1) - 1)), 0)))"),0.0) -> 0 | X69: =$W69*1.25 -> 0
A70: 73 | B70: 160115733025 | C70: Bharath Kotipalli | E70: Wipro | F70: 3.5 LPA | G70: Infosys (SE) | H70: 3.6 LPA | I70: Pwc Acceleration | J70: 6 LPA | K70: Invesco | L70: 9 LPA | M70: Samsung (internship) | N70: 30k | W70: =IFERROR(__xludf.DUMMYFUNCTION("MAX(VALUE(IF(REGEXMATCH($F70, "" ""), LEFT($F70, (FIND("" "", $F70, 1) - 1)), 0)), VALUE(IF(REGEXMATCH($H70, "" ""), LEFT($H70, (FIND("" "", $H70, 1) - 1)), 0)), VALUE(IF(REGEXMATCH($J70, "" ""), LEFT($J70, (FIND("" "", $J70, 1) - 1)), 0)), VALUE(IF(REGEX"&"MATCH($L70, "" ""), LEFT($L70, (FIND("" "", $L70, 1) - 1)), 0)), VALUE(IF(REGEXMATCH($N70, "" ""), LEFT($N70, (FIND("" "", $N70, 1) - 1)), 0)), VALUE(IF(REGEXMATCH($P70, "" ""), LEFT($P70, (FIND("" "", $P70, 1) - 1)), 0)), VALUE(IF(REGEXMATCH($R70, "" "")"&", LEFT($R70, (FIND("" "", $R70, 1) - 1)), 0)), VALUE(IF(REGEXMATCH($T70, "" ""), LEFT($T70, (FIND("" "", $T70, 1) - 1)), 0)), VALUE(IF(REGEXMATCH($V70, "" ""), LEFT($V70, (FIND("" "", $V70, 1) - 1)), 0)))"),9.0) -> 9 | X70: =$W70*1.25 -> 11.25
C72: Total Number of Students Placed | D72: =COUNTA(E2:E70) -> 56

Sheet CSE2
A1: varun | B1: Roll Number | C1: Name | D1: 6M Internship | E1: First Company Placed | F1: Package | G1: Second Company Placed | H1: Package | I1: Third Company Placed | J1: Package | K1: Fourth Company Placed | L1: Package | M1: Fifth Company Placed | N1: Package | O1: Sixth Company Placed | P1: Package | Q1: Seventh Company Placed | R1: Package | S1: Eighth Company Placed | T1: Package | U1: Ninth Company Placed | V1: Package | W1: Highest Package | X1: Eligibility
A2: 1 | B2: 160118733061 | C2: Akhila Patlolla | E2: Wipro | F2: 3.5 LPA | G2: Mu Sigma | H2: 3.5 LPA | W2: =IFERROR(__xludf.DUMMYFUNCTION("MAX(VALUE(IF(REGEXMATCH($F2, "" ""), LEFT($F2, (FIND("" "", $F2, 1) - 1)), 0)), VALUE(IF(REGEXMATCH($H2, "" ""), LEFT($H2, (FIND("" "", $H2, 1) - 1)), 0)), VALUE(IF(REGEXMATCH($J2, "" ""), LEFT($J2, (FIND("" "", $J2, 1) - 1)), 0)), VALUE(IF(REGEXMATCH($L2"&", "" ""), LEFT($L2, (FIND("" "", $L2, 1) - 1)), 0)), VALUE(IF(REGEXMATCH($N2, "" ""), LEFT($N2, (FIND("" "", $N2, 1) - 1)), 0)), VALUE(IF(REGEXMATCH($P2, "" ""), LEFT($P2, (FIND("" "", $P2, 1) - 1)), 0)), VALUE(IF(REGEXMATCH($R2, "" ""), LEFT($R2, (FIND("&""" "", $R2, 1) - 1)), 0)), VALUE(IF(REGEXMATCH($T2, "" ""), LEFT($T2, (FIND("" "", $T2, 1) - 1)), 0)), VALUE(IF(REGEXMATCH($V2, "" ""), LEFT($V2, (FIND("" "", $V2, 1) - 1)), 0)))"),3.5) -> 3.5 | X2: =$W2*1.25 -> 4.375
A3: 2 | B3: 160118733062 | C3: Bhavishya Agarwal | D3: YES | E3: SalesForce | F3: 19.65 LPA | G3: Infosys (SE) | H3: 3.6 LPA | I3: Caspian Debt (Internship) | J3: 15K | W3: =IFERROR(__xludf.DUMMYFUNCTION("MAX(VALUE(IF(REGEXMATCH($F3, "" ""), LEFT($F3, (FIND("" "", $F3, 1) - 1)), 0)), VALUE(IF(REGEXMATCH($H3, "" ""), LEFT($H3, (FIND("" "", $H3, 1) - 1)), 0)), VALUE(IF(REGEXMATCH($J3, "" ""), LEFT($J3, (FIND("" "", $J3, 1) - 1)), 0)), VALUE(IF(REGEXMATCH($L3"&", "" ""), LEFT($L3, (FIND("" "", $L3, 1) - 1)), 0)), VALUE(IF(REGEXMATCH($N3, "" ""), LEFT($N3, (FIND("" "", $N3, 1) - 1)), 0)), VALUE(IF(REGEXMATCH($P3, "" ""), LEFT($P3, (FIND("" "", $P3, 1) - 1)), 0)), VALUE(IF(REGEXMATCH($R3, "" ""), LEFT($R3, (FIND("&""" "", $R3, 1) - 1)), 0)), VALUE(IF(REGEXMATCH($T3, "" ""), LEFT($T3, (FIND("" "", $T3, 1) - 1)), 0)), VALUE(IF(REGEXMATCH($V3, "" ""), LEFT($V3, (FIND("" "", $V3, 1) - 1)), 0)))"),19.65) -> 19.65 | X3: =$W3*1.25 -> 24.5625
A4: 3 | B4: 160118733063 | C4: Harshitha Dendeti | D4: YES | E4: Cognizant GenC Elevate | F4: 4 LPA | W4: =IFERROR(__xludf.DUMMYFUNCTION("MAX(VALUE(IF(REGEXMATCH($F4, "" ""), LEFT($F4, (FIND("" "", $F4, 1) - 1)), 0)), VALUE(IF(REGEXMATCH($H4, "" ""), LEFT($H4, (FIND("" "", $H4, 1) - 1)), 0)), VALUE(IF(REGEXMATCH($J4, "" ""), LEFT($J4, (FIND("" "", $J4, 1) - 1)), 0)), VALUE(IF(REGEXMATCH($L4"&", "" ""), LEFT($L4, (FIND("" "", $L4, 1) - 1)), 0)), VALUE(IF(REGEXMATCH($N4, "" ""), LEFT($N4, (FIND("" "", $N4, 1) - 1)), 0)), VALUE(IF(REGEXMATCH($P4, "" ""), LEFT($P4, (FIND("" "", $P4, 1) - 1)), 0)), VALUE(IF(REGEXMATCH($R4, "" ""), LEFT($R4, (FIND("&""" "", $R4, 1) - 1)), 0)), VALUE(IF(REGEXMATCH($T4, "" ""), LEFT($T4, (FIND("" "", $T4, 1) - 1)), 0)), VALUE(IF(REGEXMATCH($V4, "" ""), LEFT($V4, (FIND("" "", $V4, 1) - 1)), 0)))"),4.0) -> 4 | X4: =$W4*1.25 -> 5
A5: 4 | B5: 160118733064 | C5: Jahnavi Jonnalagadda | E5: Advance Auto Parts (PPO) | F5: 9 LPA | G5: F5 Inc | H5: 23 LPA | W5: =IFERROR(__xludf.DUMMYFUNCTION("MAX(VALUE(IF(REGEXMATCH($F5, "" ""), LEFT($F5, (FIND("" "", $F5, 1) - 1)), 0)), VALUE(IF(REGEXMATCH($H5, "" ""), LEFT($H5, (FIND("" "", $H5, 1) - 1)), 0)), VALUE(IF(REGEXMATCH($J5, "" ""), LEFT($J5, (FIND("" "", $J5, 1) - 1)), 0)), VALUE(IF(REGEXMATCH($L5"&", "" ""), LEFT($L5, (FIND("" "", $L5, 1) - 1)), 0)), VALUE(IF(REGEXMATCH($N5, "" ""), LEFT($N5, (FIND("" "", $N5, 1) - 1)), 0)), VALUE(IF(REGEXMATCH($P5, "" ""), LEFT($P5, (FIND("" "", $P5, 1) - 1)), 0)), VALUE(IF(REGEXMATCH($R5, "" ""), LEFT($R5, (FIND("&""" "", $R5, 1) - 1)), 0)), VALUE(IF(REGEXMATCH($T5, "" ""), LEFT($T5, (FIND("" "", $T5, 1) - 1)), 0)), VALUE(IF(REGEXMATCH($V5, "" ""), LEFT($V5, (FIND("" "", $V5, 1) - 1)), 0)))"),23.0) -> 23 | X5: =$W5*1.25 -> 28.75
A6: 5 | B6: 160118733065 | C6: Keerthi Boya | D6: YES | E6: Accenture (ASE) | F6: 4.5 LPA | G6: Wipro | H6: 3.5 LPA | I6: Collins Aerospace (Internship) | J6: 6.25 LPA | K6: Ford Motors | L6: 5.7 LPA | M6: Loyalty Juggernaut Inc | N6: 7 LPA | O6: Head Digital Works | P6: 12 LPA | W6: =IFERROR(__xludf.DUMMYFUNCTION("MAX(VALUE(IF(REGEXMATCH($F6, "" ""), LEFT($F6, (FIND("" "", $F6, 1) - 1)), 0)), VALUE(IF(REGEXMATCH($H6, "" ""), LEFT($H6, (FIND("" "", $H6, 1) - 1)), 0)), VALUE(IF(REGEXMATCH($J6, "" ""), LEFT($J6, (FIND("" "", $J6, 1) - 1)), 0)), VALUE(IF(REGEXMATCH($L6"&", "" ""), LEFT($L6, (FIND("" "", $L6, 1) - 1)), 0)), VALUE(IF(REGEXMATCH($N6, "" ""), LEFT($N6, (FIND("" "", $N6, 1) - 1)), 0)), VALUE(IF(REGEXMATCH($P6, "" ""), LEFT($P6, (FIND("" "", $P6, 1) - 1)), 0)), VALUE(IF(REGEXMATCH($R6, "" ""), LEFT($R6, (FIND("&""" "", $R6, 1) - 1)), 0)), VALUE(IF(REGEXMATCH($T6, "" ""), LEFT($T6, (FIND("" "", $T6, 1) - 1)), 0)), VALUE(IF(REGEXMATCH($V6, "" ""), LEFT($V6, (FIND("" "", $V6, 1) - 1)), 0)))"),12.0) -> 12 | X6: =$W6*1.25 -> 15
A7: 6 | B7: 160118733066 | C7: Kini Sanjula Dasari | E7: Deloitte (Consulting) | F7: 7.6 LPA | G7: Barclays | H7: 12.73 LPA | W7: =IFERROR(__xludf.DUMMYFUNCTION("MAX(VALUE(IF(REGEXMATCH($F7, "" ""), LEFT($F7, (FIND("" "", $F7, 1) - 1)), 0)), VALUE(IF(REGEXMATCH($H7, "" ""), LEFT($H7, (FIND("" "", $H7, 1) - 1)), 0)), VALUE(IF(REGEXMATCH($J7, "" ""), LEFT($J7, (FIND("" "", $J7, 1) - 1)), 0)), VALUE(IF(REGEXMATCH($L7"&", "" ""), LEFT($L7, (FIND("" "", $L7, 1) - 1)), 0)), VALUE(IF(REGEXMATCH($N7, "" ""), LEFT($N7, (FIND("" "", $N7, 1) - 1)), 0)), VALUE(IF(REGEXMATCH($P7, "" ""), LEFT($P7, (FIND("" "", $P7, 1) - 1)), 0)), VALUE(IF(REGEXMATCH($R7, "" ""), LEFT($R7, (FIND("&""" "", $R7, 1) - 1)), 0)), VALUE(IF(REGEXMATCH($T7, "" ""), LEFT($T7, (FIND("" "", $T7, 1) - 1)), 0)), VALUE(IF(REGEXMATCH($V7, "" ""), LEFT($V7, (FIND("" "", $V7, 1) - 1)), 0)))"),12.73) -> 12.73 | X7: =$W7*1.25 -> 15.9125
A8: 7 | B8: 160118733067 | C8: Komali Beeram | D8: YES | E8: Accelerize 360 | F8: 7 LPA | G8: Cognizant GenC Next | H8: 6.75 LPA | I8: GE Appliances (Internship) | J8: 20K | K8: Advance Auto Parts | L8: 9 LPA | M8: GAP | N8: 9.08 LPA | O8: PegaSystems | P8: 16 LPA | W8: =IFERROR(__xludf.DUMMYFUNCTION("MAX(VALUE(IF(REGEXMATCH($F8, "" ""), LEFT($F8, (FIND("" "", $F8, 1) - 1)), 0)), VALUE(IF(REGEXMATCH($H8, "" ""), LEFT($H8, (FIND("" "", $H8, 1) - 1)), 0)), VALUE(IF(REGEXMATCH($J8, "" ""), LEFT($J8, (FIND("" "", $J8, 1) - 1)), 0)), VALUE(IF(REGEXMATCH($L8"&", "" ""), LEFT($L8, (FIND("" "", $L8, 1) - 1)), 0)), VALUE(IF(REGEXMATCH($N8, "" ""), LEFT($N8, (FIND("" "", $N8, 1) - 1)), 0)), VALUE(IF(REGEXMATCH($P8, "" ""), LEFT($P8, (FIND("" "", $P8, 1) - 1)), 0)), VALUE(IF(REGEXMATCH($R8, "" ""), LEFT($R8, (FIND("&""" "", $R8, 1) - 1)), 0)), VALUE(IF(REGEXMATCH($T8, "" ""), LEFT($T8, (FIND("" "", $T8, 1) - 1)), 0)), VALUE(IF(REGEXMATCH($V8, "" ""), LEFT($V8, (FIND("" "", $V8, 1) - 1)), 0)))"),16.0) -> 16 | X8: =$W8*1.25 -> 20
A9: 8 | B9: 160118733068 | C9: Manasa Motepalli | D9: YES | E9: Accenture (ASE) | F9: 4.5 LPA | G9: Cognizant GenC | H9: 4 LPA | I9: Capgemini (Analyst) | J9: 4 LPA | K9: Wipro | L9: 3.5 LPA | W9: =IFERROR(__xludf.DUMMYFUNCTION("MAX(VALUE(IF(REGEXMATCH($F9, "" ""), LEFT($F9, (FIND("" "", $F9, 1) - 1)), 0)), VALUE(IF(REGEXMATCH($H9, "" ""), LEFT($H9, (FIND("" "", $H9, 1) - 1)), 0)), VALUE(IF(REGEXMATCH($J9, "" ""), LEFT($J9, (FIND("" "", $J9, 1) - 1)), 0)), VALUE(IF(REGEXMATCH($L9"&", "" ""), LEFT($L9, (FIND("" "", $L9, 1) - 1)), 0)), VALUE(IF(REGEXMATCH($N9, "" ""), LEFT($N9, (FIND("" "", $N9, 1) - 1)), 0)), VALUE(IF(REGEXMATCH($P9, "" ""), LEFT($P9, (FIND("" "", $P9, 1) - 1)), 0)), VALUE(IF(REGEXMATCH($R9, "" ""), LEFT($R9, (FIND("&""" "", $R9, 1) - 1)), 0)), VALUE(IF(REGEXMATCH($T9, "" ""), LEFT($T9, (FIND("" "", $T9, 1) - 1)), 0)), VALUE(IF(REGEXMATCH($V9, "" ""), LEFT($V9, (FIND("" "", $V9, 1) - 1)), 0)))"),4.5) -> 4.5 | X9: =$W9*1.25 -> 5.625
A10: 9 | B10: 160118733069 | C10: Rizmi Nawaz Sowdhagar | E10: Wipro | F10: 3.5 LPA | G10: HCL | H10: 4.5 LPA | W10: =IFERROR(__xludf.DUMMYFUNCTION("MAX(VALUE(IF(REGEXMATCH($F10, "" ""), LEFT($F10, (FIND("" "", $F10, 1) - 1)), 0)), VALUE(IF(REGEXMATCH($H10, "" ""), LEFT($H10, (FIND("" "", $H10, 1) - 1)), 0)), VALUE(IF(REGEXMATCH($J10, "" ""), LEFT($J10, (FIND("" "", $J10, 1) - 1)), 0)), VALUE(IF(REGEX"&"MATCH($L10, "" ""), LEFT($L10, (FIND("" "", $L10, 1) - 1)), 0)), VALUE(IF(REGEXMATCH($N10, "" ""), LEFT($N10, (FIND("" "", $N10, 1) - 1)), 0)), VALUE(IF(REGEXMATCH($P10, "" ""), LEFT($P10, (FIND("" "", $P10, 1) - 1)), 0)), VALUE(IF(REGEXMATCH($R10, "" "")"&", LEFT($R10, (FIND("" "", $R10, 1) - 1)), 0)), VALUE(IF(REGEXMATCH($T10, "" ""), LEFT($T10, (FIND("" "", $T10, 1) - 1)), 0)), VALUE(IF(REGEXMATCH($V10, "" ""), LEFT($V10, (FIND("" "", $V10, 1) - 1)), 0)))"),4.5) -> 4.5 | X10: =$W10*1.25 -> 5.625
A11: 10 | B11: 160118733070 | C11: Neha Bhupathi | D11: YES | E11: Collins Aerospace (Internship) | F11: 15k | W11: =IFERROR(__xludf.DUMMYFUNCTION("MAX(VALUE(IF(REGEXMATCH($F11, "" ""), LEFT($F11, (FIND("" "", $F11, 1) - 1)), 0)), VALUE(IF(REGEXMATCH($H11, "" ""), LEFT($H11, (FIND("" "", $H11, 1) - 1)), 0)), VALUE(IF(REGEXMATCH($J11, "" ""), LEFT($J11, (FIND("" "", $J11, 1) - 1)), 0)), VALUE(IF(REGEX"&"MATCH($L11, "" ""), LEFT($L11, (FIND("" "", $L11, 1) - 1)), 0)), VALUE(IF(REGEXMATCH($N11, "" ""), LEFT($N11, (FIND("" "", $N11, 1) - 1)), 0)), VALUE(IF(REGEXMATCH($P11, "" ""), LEFT($P11, (FIND("" "", $P11, 1) - 1)), 0)), VALUE(IF(REGEXMATCH($R11, "" "")"&", LEFT($R11, (FIND("" "", $R11, 1) - 1)), 0)), VALUE(IF(REGEXMATCH($T11, "" ""), LEFT($T11, (FIND("" "", $T11, 1) - 1)), 0)), VALUE(IF(REGEXMATCH($V11, "" ""), LEFT($V11, (FIND("" "", $V11, 1) - 1)), 0)))"),0.0) -> 0 | X11: =$W11*1.25 -> 0
A12: 11 | B12: 160118733071 | C12: Nishitha Garlapati | D12: YES | E12: JPMC (PPO) | F12: 14 LPA | W12: =IFERROR(__xludf.DUMMYFUNCTION("MAX(VALUE(IF(REGEXMATCH($F12, "" ""), LEFT($F12, (FIND("" "", $F12, 1) - 1)), 0)), VALUE(IF(REGEXMATCH($H12, "" ""), LEFT($H12, (FIND("" "", $H12, 1) - 1)), 0)), VALUE(IF(REGEXMATCH($J12, "" ""), LEFT($J12, (FIND("" "", $J12, 1) - 1)), 0)), VALUE(IF(REGEX"&"MATCH($L12, "" ""), LEFT($L12, (FIND("" "", $L12, 1) - 1)), 0)), VALUE(IF(REGEXMATCH($N12, "" ""), LEFT($N12, (FIND("" "", $N12, 1) - 1)), 0)), VALUE(IF(REGEXMATCH($P12, "" ""), LEFT($P12, (FIND("" "", $P12, 1) - 1)), 0)), VALUE(IF(REGEXMATCH($R12, "" "")"&", LEFT($R12, (FIND("" "", $R12, 1) - 1)), 0)), VALUE(IF(REGEXMATCH($T12, "" ""), LEFT($T12, (FIND("" "", $T12, 1) - 1)), 0)), VALUE(IF(REGEXMATCH($V12, "" ""), LEFT($V12, (FIND("" "", $V12, 1) - 1)), 0)))"),14.0) -> 14 | X12: =$W12*1.25 -> 17.5
A13: 12 | B13: 160118733072 | C13: Niveditha Kalva | D13: YES | E13: Micron (IT Operations) | F13: 8.1 LPA | W13: =IFERROR(__xludf.DUMMYFUNCTION("MAX(VALUE(IF(REGEXMATCH($F13, "" ""), LEFT($F13, (FIND("" "", $F13, 1) - 1)), 0)), VALUE(IF(REGEXMATCH($H13, "" ""), LEFT($H13, (FIND("" "", $H13, 1) - 1)), 0)), VALUE(IF(REGEXMATCH($J13, "" ""), LEFT($J13, (FIND("" "", $J13, 1) - 1)), 0)), VALUE(IF(REGEX"&"MATCH($L13, "" ""), LEFT($L13, (FIND("" "", $L13, 1) - 1)), 0)), VALUE(IF(REGEXMATCH($N13, "" ""), LEFT($N13, (FIND("" "", $N13, 1) - 1)), 0)), VALUE(IF(REGEXMATCH($P13, "" ""), LEFT($P13, (FIND("" "", $P13, 1) - 1)), 0)), VALUE(IF(REGEXMATCH($R13, "" "")"&", LEFT($R13, (FIND("" "", $R13, 1) - 1)), 0)), VALUE(IF(REGEXMATCH($T13, "" ""), LEFT($T13, (FIND("" "", $T13, 1) - 1)), 0)), VALUE(IF(REGEXMATCH($V13, "" ""), LEFT($V13, (FIND("" "", $V13, 1) - 1)), 0)))"),8.1) -> 8.1 | X13: =$W13*1.25 -> 10.125
A14: 13 | B14: 160118733073 | C14: Pallavi Maragari | D14: YES | E14: ServiceNow | F14: 25 LPA | W14: =IFERROR(__xludf.DUMMYFUNCTION("MAX(VALUE(IF(REGEXMATCH($F14, "" ""), LEFT($F14, (FIND("" "", $F14, 1) - 1)), 0)), VALUE(IF(REGEXMATCH($H14, "" ""), LEFT($H14, (FIND("" "", $H14, 1) - 1)), 0)), VALUE(IF(REGEXMATCH($J14, "" ""), LEFT($J14, (FIND("" "", $J14, 1) - 1)), 0)), VALUE(IF(REGEX"&"MATCH($L14, "" ""), LEFT($L14, (FIND("" "", $L14, 1) - 1)), 0)), VALUE(IF(REGEXMATCH($N14, "" ""), LEFT($N14, (FIND("" "", $N14, 1) - 1)), 0)), VALUE(IF(REGEXMATCH($P14, "" ""), LEFT($P14, (FIND("" "", $P14, 1) - 1)), 0)), VALUE(IF(REGEXMATCH($R14, "" "")"&", LEFT($R14, (FIND("" "", $R14, 1) - 1)), 0)), VALUE(IF(REGEXMATCH($T14, "" ""), LEFT($T14, (FIND("" "", $T14, 1) - 1)), 0)), VALUE(IF(REGEXMATCH($V14, "" ""), LEFT($V14, (FIND("" "", $V14, 1) - 1)), 0)))"),25.0) -> 25 | X14: =$W14*1.25 -> 31.25
A15: 14 | B15: 160118733075 | C15: Ramya Perumandla | D15: YES | E15: Cognizant GenC Elevate | F15: 4 LPA | G15: LTI (Level 2) | H15: 6.5 LPA | I15: Wipro | J15: 3.5 LPA | K15: Collins Aerospace (Internship) | L15: 6.25 LPA | M15: Blue Yonder (Internship) | N15: 35K | O15: DBS | P15: 8.5 LPA | W15: =IFERROR(__xludf.DUMMYFUNCTION("MAX(VALUE(IF(REGEXMATCH($F15, "" ""), LEFT($F15, (FIND("" "", $F15, 1) - 1)), 0)), VALUE(IF(REGEXMATCH($H15, "" ""), LEFT($H15, (FIND("" "", $H15, 1) - 1)), 0)), VALUE(IF(REGEXMATCH($J15, "" ""), LEFT($J15, (FIND("" "", $J15, 1) - 1)), 0)), VALUE(IF(REGEX"&"MATCH($L15, "" ""), LEFT($L15, (FIND("" "", $L15, 1) - 1)), 0)), VALUE(IF(REGEXMATCH($N15, "" ""), LEFT($N15, (FIND("" "", $N15, 1) - 1)), 0)), VALUE(IF(REGEXMATCH($P15, "" ""), LEFT($P15, (FIND("" "", $P15, 1) - 1)), 0)), VALUE(IF(REGEXMATCH($R15, "" "")"&", LEFT($R15, (FIND("" "", $R15, 1) - 1)), 0)), VALUE(IF(REGEXMATCH($T15, "" ""), LEFT($T15, (FIND("" "", $T15, 1) - 1)), 0)), VALUE(IF(REGEXMATCH($V15, "" ""), LEFT($V15, (FIND("" "", $V15, 1) - 1)), 0)))"),8.5) -> 8.5 | X15: =$W15*1.25 -> 10.625
A16: 15 | B16: 160118733076 | C16: Saikeerthana Akella | D16: YES | E16: JPMC (PPO) | F16: 14 LPA | W16: =IFERROR(__xludf.DUMMYFUNCTION("MAX(VALUE(IF(REGEXMATCH($F16, "" ""), LEFT($F16, (FIND("" "", $F16, 1) - 1)), 0)), VALUE(IF(REGEXMATCH($H16, "" ""), LEFT($H16, (FIND("" "", $H16, 1) - 1)), 0)), VALUE(IF(REGEXMATCH($J16, "" ""), LEFT($J16, (FIND("" "", $J16, 1) - 1)), 0)), VALUE(IF(REGEX"&"MATCH($L16, "" ""), LEFT($L16, (FIND("" "", $L16, 1) - 1)), 0)), VALUE(IF(REGEXMATCH($N16, "" ""), LEFT($N16, (FIND("" "", $N16, 1) - 1)), 0)), VALUE(IF(REGEXMATCH($P16, "" ""), LEFT($P16, (FIND("" "", $P16, 1) - 1)), 0)), VALUE(IF(REGEXMATCH($R16, "" "")"&", LEFT($R16, (FIND("" "", $R16, 1) - 1)), 0)), VALUE(IF(REGEXMATCH($T16, "" ""), LEFT($T16, (FIND("" "", $T16, 1) - 1)), 0)), VALUE(IF(REGEXMATCH($V16, "" ""), LEFT($V16, (FIND("" "", $V16, 1) - 1)), 0)))"),14.0) -> 14 | X16: =$W16*1.25 -> 17.5
A17: 16 | B17: 160118733077 | C17: G Saketha | D17: YES | E17: Searce (ML Engineer) | F17: 7.5 LPA | G17: Cognizant GenC Next | H17: 6.75 LPA | W17: =IFERROR(__xludf.DUMMYFUNCTION("MAX(VALUE(IF(REGEXMATCH($F17, "" ""), LEFT($F17, (FIND("" "", $F17, 1) - 1)), 0)), VALUE(IF(REGEXMATCH($H17, "" ""), LEFT($H17, (FIND("" "", $H17, 1) - 1)), 0)), VALUE(IF(REGEXMATCH($J17, "" ""), LEFT($J17, (FIND("" "", $J17, 1) - 1)), 0)), VALUE(IF(REGEX"&"MATCH($L17, "" ""), LEFT($L17, (FIND("" "", $L17, 1) - 1)), 0)), VALUE(IF(REGEXMATCH($N17, "" ""), LEFT($N17, (FIND("" "", $N17, 1) - 1)), 0)), VALUE(IF(REGEXMATCH($P17, "" ""), LEFT($P17, (FIND("" "", $P17, 1) - 1)), 0)), VALUE(IF(REGEXMATCH($R17, "" "")"&", LEFT($R17, (FIND("" "", $R17, 1) - 1)), 0)), VALUE(IF(REGEXMATCH($T17, "" ""), LEFT($T17, (FIND("" "", $T17, 1) - 1)), 0)), VALUE(IF(REGEXMATCH($V17, "" ""), LEFT($V17, (FIND("" "", $V17, 1) - 1)), 0)))"),7.5) -> 7.5 | X17: =$W17*1.25 -> 9.375
A18: 17 | B18: 160118733078 | C18: Sanya Tahsin Mohammed | D18: YES | E18: Cognizant GenC Elevate | F18: 4 LPA | G18: Virtusa | H18: $45K | W18: =IFERROR(__xludf.DUMMYFUNCTION("MAX(VALUE(IF(REGEXMATCH($F18, "" ""), LEFT($F18, (FIND("" "", $F18, 1) - 1)), 0)), VALUE(IF(REGEXMATCH($H18, "" ""), LEFT($H18, (FIND("" "", $H18, 1) - 1)), 0)), VALUE(IF(REGEXMATCH($J18, "" ""), LEFT($J18, (FIND("" "", $J18, 1) - 1)), 0)), VALUE(IF(REGEX"&"MATCH($L18, "" ""), LEFT($L18, (FIND("" "", $L18, 1) - 1)), 0)), VALUE(IF(REGEXMATCH($N18, "" ""), LEFT($N18, (FIND("" "", $N18, 1) - 1)), 0)), VALUE(IF(REGEXMATCH($P18, "" ""), LEFT($P18, (FIND("" "", $P18, 1) - 1)), 0)), VALUE(IF(REGEXMATCH($R18, "" "")"&", LEFT($R18, (FIND("" "", $R18, 1) - 1)), 0)), VALUE(IF(REGEXMATCH($T18, "" ""), LEFT($T18, (FIND("" "", $T18, 1) - 1)), 0)), VALUE(IF(REGEXMATCH($V18, "" ""), LEFT($V18, (FIND("" "", $V18, 1) - 1)), 0)))"),4.0) -> 4 | X18: =$W18*1.25 -> 5
A19: 18 | B19: 160118733079 | C19: G.Satvika Reddy | D19: YES | E19: JPMC (PPO) | F19: 14 LPA | W19: =IFERROR(__xludf.DUMMYFUNCTION("MAX(VALUE(IF(REGEXMATCH($F19, "" ""), LEFT($F19, (FIND("" "", $F19, 1) - 1)), 0)), VALUE(IF(REGEXMATCH($H19, "" ""), LEFT($H19, (FIND("" "", $H19, 1) - 1)), 0)), VALUE(IF(REGEXMATCH($J19, "" ""), LEFT($J19, (FIND("" "", $J19, 1) - 1)), 0)), VALUE(IF(REGEX"&"MATCH($L19, "" ""), LEFT($L19, (FIND("" "", $L19, 1) - 1)), 0)), VALUE(IF(REGEXMATCH($N19, "" ""), LEFT($N19, (FIND("" "", $N19, 1) - 1)), 0)), VALUE(IF(REGEXMATCH($P19, "" ""), LEFT($P19, (FIND("" "", $P19, 1) - 1)), 0)), VALUE(IF(REGEXMATCH($R19, "" "")"&", LEFT($R19, (FIND("" "", $R19, 1) - 1)), 0)), VALUE(IF(REGEXMATCH($T19, "" ""), LEFT($T19, (FIND("" "", $T19, 1) - 1)), 0)), VALUE(IF(REGEXMATCH($V19, "" ""), LEFT($V19, (FIND("" "", $V19, 1) - 1)), 0)))"),14.0) -> 14 | X19: =$W19*1.25 -> 17.5
A20: 19 | B20: 160118733080 | C20: Siri Chandana Desiraju | D20: YES | E20: Advance Auto Parts (PPO) | F20: 9 LPA | G20: Futures First (Internship) | H20: 20K | W20: =IFERROR(__xludf.DUMMYFUNCTION("MAX(VALUE(IF(REGEXMATCH($F20, "" ""), LEFT($F20, (FIND("" "", $F20, 1) - 1)), 0)), VALUE(IF(REGEXMATCH($H20, "" ""), LEFT($H20, (FIND("" "", $H20, 1) - 1)), 0)), VALUE(IF(REGEXMATCH($J20, "" ""), LEFT($J20, (FIND("" "", $J20, 1) - 1)), 0)), VALUE(IF(REGEX"&"MATCH($L20, "" ""), LEFT($L20, (FIND("" "", $L20, 1) - 1)), 0)), VALUE(IF(REGEXMATCH($N20, "" ""), LEFT($N20, (FIND("" "", $N20, 1) - 1)), 0)), VALUE(IF(REGEXMATCH($P20, "" ""), LEFT($P20, (FIND("" "", $P20, 1) - 1)), 0)), VALUE(IF(REGEXMATCH($R20, "" "")"&", LEFT($R20, (FIND("" "", $R20, 1) - 1)), 0)), VALUE(IF(REGEXMATCH($T20, "" ""), LEFT($T20, (FIND("" "", $T20, 1) - 1)), 0)), VALUE(IF(REGEXMATCH($V20, "" ""), LEFT($V20, (FIND("" "", $V20, 1) - 1)), 0)))"),9.0) -> 9 | X20: =$W20*1.25 -> 11.25
A21: 20 | B21: 160118733081 | C21: Soumya Vemuri | D21: YES | E21: JPMC (PPO) | F21: 14 LPA | W21: =IFERROR(__xludf.DUMMYFUNCTION("MAX(VALUE(IF(REGEXMATCH($F21, "" ""), LEFT($F21, (FIND("" "", $F21, 1) - 1)), 0)), VALUE(IF(REGEXMATCH($H21, "" ""), LEFT($H21, (FIND("" "", $H21, 1) - 1)), 0)), VALUE(IF(REGEXMATCH($J21, "" ""), LEFT($J21, (FIND("" "", $J21, 1) - 1)), 0)), VALUE(IF(REGEX"&"MATCH($L21, "" ""), LEFT($L21, (FIND("" "", $L21, 1) - 1)), 0)), VALUE(IF(REGEXMATCH($N21, "" ""), LEFT($N21, (FIND("" "", $N21, 1) - 1)), 0)), VALUE(IF(REGEXMATCH($P21, "" ""), LEFT($P21, (FIND("" "", $P21, 1) - 1)), 0)), VALUE(IF(REGEXMATCH($R21, "" "")"&", LEFT($R21, (FIND("" "", $R21, 1) - 1)), 0)), VALUE(IF(REGEXMATCH($T21, "" ""), LEFT($T21, (FIND("" "", $T21, 1) - 1)), 0)), VALUE(IF(REGEXMATCH($V21, "" ""), LEFT($V21, (FIND("" "", $V21, 1) - 1)), 0)))"),14.0) -> 14 | X21: =$W21*1.25 -> 17.5
A22: 21 | B22: 160118733083 | C22: Nunavath Swathi | W22: =IFERROR(__xludf.DUMMYFUNCTION("MAX(VALUE(IF(REGEXMATCH($F22, "" ""), LEFT($F22, (FIND("" "", $F22, 1) - 1)), 0)), VALUE(IF(REGEXMATCH($H22, "" ""), LEFT($H22, (FIND("" "", $H22, 1) - 1)), 0)), VALUE(IF(REGEXMATCH($J22, "" ""), LEFT($J22, (FIND("" "", $J22, 1) - 1)), 0)), VALUE(IF(REGEX"&"MATCH($L22, "" ""), LEFT($L22, (FIND("" "", $L22, 1) - 1)), 0)), VALUE(IF(REGEXMATCH($N22, "" ""), LEFT($N22, (FIND("" "", $N22, 1) - 1)), 0)), VALUE(IF(REGEXMATCH($P22, "" ""), LEFT($P22, (FIND("" "", $P22, 1) - 1)), 0)), VALUE(IF(REGEXMATCH($R22, "" "")"&", LEFT($R22, (FIND("" "", $R22, 1) - 1)), 0)), VALUE(IF(REGEXMATCH($T22, "" ""), LEFT($T22, (FIND("" "", $T22, 1) - 1)), 0)), VALUE(IF(REGEXMATCH($V22, "" ""), LEFT($V22, (FIND("" "", $V22, 1) - 1)), 0)))"),0.0) -> 0 | X22: =$W22*1.25 -> 0
A23: 22 | B23: 160118733084 | C23: Asfiya Tabassum | D23: YES | E23: Cognizant GenC Next | F23: 6.75 LPA | G23: Barclays | H23: 12.73 LPA | I23: Infosys (SE) | J23: 3.6 LPA | K23: Head Digital Works | L23: 12 LPA | W23: =IFERROR(__xludf.DUMMYFUNCTION("MAX(VALUE(IF(REGEXMATCH($F23, "" ""), LEFT($F23, (FIND("" "", $F23, 1) - 1)), 0)), VALUE(IF(REGEXMATCH($H23, "" ""), LEFT($H23, (FIND("" "", $H23, 1) - 1)), 0)), VALUE(IF(REGEXMATCH($J23, "" ""), LEFT($J23, (FIND("" "", $J23, 1) - 1)), 0)), VALUE(IF(REGEX"&"MATCH($L23, "" ""), LEFT($L23, (FIND("" "", $L23, 1) - 1)), 0)), VALUE(IF(REGEXMATCH($N23, "" ""), LEFT($N23, (FIND("" "", $N23, 1) - 1)), 0)), VALUE(IF(REGEXMATCH($P23, "" ""), LEFT($P23, (FIND("" "", $P23, 1) - 1)), 0)), VALUE(IF(REGEXMATCH($R23, "" "")"&", LEFT($R23, (FIND("" "", $R23, 1) - 1)), 0)), VALUE(IF(REGEXMATCH($T23, "" ""), LEFT($T23, (FIND("" "", $T23, 1) - 1)), 0)), VALUE(IF(REGEXMATCH($V23, "" ""), LEFT($V23, (FIND("" "", $V23, 1) - 1)), 0)))"),12.73) -> 12.73 | X23: =$W23*1.25 -> 15.9125
A24: 23 | B24: 160118733085 | C24: Tejaswini Jakka | D24: YES | E24: Deloitte (Consulting) | F24: 7.6 LPA | G24: Barclays | H24: 12.73 LPA | I24: Darwin Box (Internship) | J24: 25K | K24: F5 Inc | L24: 23 LPA | W24: =IFERROR(__xludf.DUMMYFUNCTION("MAX(VALUE(IF(REGEXMATCH($F24, "" ""), LEFT($F24, (FIND("" "", $F24, 1) - 1)), 0)), VALUE(IF(REGEXMATCH($H24, "" ""), LEFT($H24, (FIND("" "", $H24, 1) - 1)), 0)), VALUE(IF(REGEXMATCH($J24, "" ""), LEFT($J24, (FIND("" "", $J24, 1) - 1)), 0)), VALUE(IF(REGEX"&"MATCH($L24, "" ""), LEFT($L24, (FIND("" "", $L24, 1) - 1)), 0)), VALUE(IF(REGEXMATCH($N24, "" ""), LEFT($N24, (FIND("" "", $N24, 1) - 1)), 0)), VALUE(IF(REGEXMATCH($P24, "" ""), LEFT($P24, (FIND("" "", $P24, 1) - 1)), 0)), VALUE(IF(REGEXMATCH($R24, "" "")"&", LEFT($R24, (FIND("" "", $R24, 1) - 1)), 0)), VALUE(IF(REGEXMATCH($T24, "" ""), LEFT($T24, (FIND("" "", $T24, 1) - 1)), 0)), VALUE(IF(REGEXMATCH($V24, "" ""), LEFT($V24, (FIND("" "", $V24, 1) - 1)), 0)))"),23.0) -> 23 | X24: =$W24*1.25 -> 28.75
A25: 24 | B25: 160118733086 | C25: K Tina | D25: YES | E25: PwC Acceleration Center | F25: 6 LPA | G25: Mu Sigma | H25: 3.5 LPA | W25: =IFERROR(__xludf.DUMMYFUNCTION("MAX(VALUE(IF(REGEXMATCH($F25, "" ""), LEFT($F25, (FIND("" "", $F25, 1) - 1)), 0)), VALUE(IF(REGEXMATCH($H25, "" ""), LEFT($H25, (FIND("" "", $H25, 1) - 1)), 0)), VALUE(IF(REGEXMATCH($J25, "" ""), LEFT($J25, (FIND("" "", $J25, 1) - 1)), 0)), VALUE(IF(REGEX"&"MATCH($L25, "" ""), LEFT($L25, (FIND("" "", $L25, 1) - 1)), 0)), VALUE(IF(REGEXMATCH($N25, "" ""), LEFT($N25, (FIND("" "", $N25, 1) - 1)), 0)), VALUE(IF(REGEXMATCH($P25, "" ""), LEFT($P25, (FIND("" "", $P25, 1) - 1)), 0)), VALUE(IF(REGEXMATCH($R25, "" "")"&", LEFT($R25, (FIND("" "", $R25, 1) - 1)), 0)), VALUE(IF(REGEXMATCH($T25, "" ""), LEFT($T25, (FIND("" "", $T25, 1) - 1)), 0)), VALUE(IF(REGEXMATCH($V25, "" ""), LEFT($V25, (FIND("" "", $V25, 1) - 1)), 0)))"),6.0) -> 6 | X25: =$W25*1.25 -> 7.5
A26: 25 | B26: 160118733087 | C26: Aayush Shah | D26: YES | E26: Deloitte (Tax) | F26: 7.6 LPA | G26: Amazon (Internship) | H26: 50k | W26: =IFERROR(__xludf.DUMMYFUNCTION("MAX(VALUE(IF(REGEXMATCH($F26, "" ""), LEFT($F26, (FIND("" "", $F26, 1) - 1)), 0)), VALUE(IF(REGEXMATCH($H26, "" ""), LEFT($H26, (FIND("" "", $H26, 1) - 1)), 0)), VALUE(IF(REGEXMATCH($J26, "" ""), LEFT($J26, (FIND("" "", $J26, 1) - 1)), 0)), VALUE(IF(REGEX"&"MATCH($L26, "" ""), LEFT($L26, (FIND("" "", $L26, 1) - 1)), 0)), VALUE(IF(REGEXMATCH($N26, "" ""), LEFT($N26, (FIND("" "", $N26, 1) - 1)), 0)), VALUE(IF(REGEXMATCH($P26, "" ""), LEFT($P26, (FIND("" "", $P26, 1) - 1)), 0)), VALUE(IF(REGEXMATCH($R26, "" "")"&", LEFT($R26, (FIND("" "", $R26, 1) - 1)), 0)), VALUE(IF(REGEXMATCH($T26, "" ""), LEFT($T26, (FIND("" "", $T26, 1) - 1)), 0)), VALUE(IF(REGEXMATCH($V26, "" ""), LEFT($V26, (FIND("" "", $V26, 1) - 1)), 0)))"),7.6) -> 7.6 | X26: =$W26*1.25 -> 9.5
A27: 26 | B27: 160118733088 | C27: M Abhishek | E27: Infosys (PP) | F27: 8 LPA | G27: Modak Analytics | H27: 6 LPA | W27: =IFERROR(__xludf.DUMMYFUNCTION("MAX(VALUE(IF(REGEXMATCH($F27, "" ""), LEFT($F27, (FIND("" "", $F27, 1) - 1)), 0)), VALUE(IF(REGEXMATCH($H27, "" ""), LEFT($H27, (FIND("" "", $H27, 1) - 1)), 0)), VALUE(IF(REGEXMATCH($J27, "" ""), LEFT($J27, (FIND("" "", $J27, 1) - 1)), 0)), VALUE(IF(REGEX"&"MATCH($L27, "" ""), LEFT($L27, (FIND("" "", $L27, 1) - 1)), 0)), VALUE(IF(REGEXMATCH($N27, "" ""), LEFT($N27, (FIND("" "", $N27, 1) - 1)), 0)), VALUE(IF(REGEXMATCH($P27, "" ""), LEFT($P27, (FIND("" "", $P27, 1) - 1)), 0)), VALUE(IF(REGEXMATCH($R27, "" "")"&", LEFT($R27, (FIND("" "", $R27, 1) - 1)), 0)), VALUE(IF(REGEXMATCH($T27, "" ""), LEFT($T27, (FIND("" "", $T27, 1) - 1)), 0)), VALUE(IF(REGEXMATCH($V27, "" ""), LEFT($V27, (FIND("" "", $V27, 1) - 1)), 0)))"),8.0) -> 8 | X27: =$W27*1.25 -> 10
A28: 27 | B28: 160118733089 | C28: Tariq Ahmed | W28: =IFERROR(__xludf.DUMMYFUNCTION("MAX(VALUE(IF(REGEXMATCH($F28, "" ""), LEFT($F28, (FIND("" "", $F28, 1) - 1)), 0)), VALUE(IF(REGEXMATCH($H28, "" ""), LEFT($H28, (FIND("" "", $H28, 1) - 1)), 0)), VALUE(IF(REGEXMATCH($J28, "" ""), LEFT($J28, (FIND("" "", $J28, 1) - 1)), 0)), VALUE(IF(REGEX"&"MATCH($L28, "" ""), LEFT($L28, (FIND("" "", $L28, 1) - 1)), 0)), VALUE(IF(REGEXMATCH($N28, "" ""), LEFT($N28, (FIND("" "", $N28, 1) - 1)), 0)), VALUE(IF(REGEXMATCH($P28, "" ""), LEFT($P28, (FIND("" "", $P28, 1) - 1)), 0)), VALUE(IF(REGEXMATCH($R28, "" "")"&", LEFT($R28, (FIND("" "", $R28, 1) - 1)), 0)), VALUE(IF(REGEXMATCH($T28, "" ""), LEFT($T28, (FIND("" "", $T28, 1) - 1)), 0)), VALUE(IF(REGEXMATCH($V28, "" ""), LEFT($V28, (FIND("" "", $V28, 1) - 1)), 0)))"),0.0) -> 0 | X28: =$W28*1.25 -> 0
A29: 28 | B29: 160118733091 | C29: Akash Reddy Jammula | D29: YES | E29: Cognizant GenC Elevate | F29: 4 LPA | G29: Modak Analytics | H29: 6 LPA | I29: LTI (Level 3) | J29: 8 LPA | W29: =IFERROR(__xludf.DUMMYFUNCTION("MAX(VALUE(IF(REGEXMATCH($F29, "" ""), LEFT($F29, (FIND("" "", $F29, 1) - 1)), 0)), VALUE(IF(REGEXMATCH($H29, "" ""), LEFT($H29, (FIND("" "", $H29, 1) - 1)), 0)), VALUE(IF(REGEXMATCH($J29, "" ""), LEFT($J29, (FIND("" "", $J29, 1) - 1)), 0)), VALUE(IF(REGEX"&"MATCH($L29, "" ""), LEFT($L29, (FIND("" "", $L29, 1) - 1)), 0)), VALUE(IF(REGEXMATCH($N29, "" ""), LEFT($N29, (FIND("" "", $N29, 1) - 1)), 0)), VALUE(IF(REGEXMATCH($P29, "" ""), LEFT($P29, (FIND("" "", $P29, 1) - 1)), 0)), VALUE(IF(REGEXMATCH($R29, "" "")"&", LEFT($R29, (FIND("" "", $R29, 1) - 1)), 0)), VALUE(IF(REGEXMATCH($T29, "" ""), LEFT($T29, (FIND("" "", $T29, 1) - 1)), 0)), VALUE(IF(REGEXMATCH($V29, "" ""), LEFT($V29, (FIND("" "", $V29, 1) - 1)), 0)))"),8.0) -> 8 | X29: =$W29*1.25 -> 10
A30: 29 | B30: 160118733092 | C30: Hussain Aziz Ahmed | W30: =IFERROR(__xludf.DUMMYFUNCTION("MAX(VALUE(IF(REGEXMATCH($F30, "" ""), LEFT($F30, (FIND("" "", $F30, 1) - 1)), 0)), VALUE(IF(REGEXMATCH($H30, "" ""), LEFT($H30, (FIND("" "", $H30, 1) - 1)), 0)), VALUE(IF(REGEXMATCH($J30, "" ""), LEFT($J30, (FIND("" "", $J30, 1) - 1)), 0)), VALUE(IF(REGEX"&"MATCH($L30, "" ""), LEFT($L30, (FIND("" "", $L30, 1) - 1)), 0)), VALUE(IF(REGEXMATCH($N30, "" ""), LEFT($N30, (FIND("" "", $N30, 1) - 1)), 0)), VALUE(IF(REGEXMATCH($P30, "" ""), LEFT($P30, (FIND("" "", $P30, 1) - 1)), 0)), VALUE(IF(REGEXMATCH($R30, "" "")"&", LEFT($R30, (FIND("" "", $R30, 1) - 1)), 0)), VALUE(IF(REGEXMATCH($T30, "" ""), LEFT($T30, (FIND("" "", $T30, 1) - 1)), 0)), VALUE(IF(REGEXMATCH($V30, "" ""), LEFT($V30, (FIND("" "", $V30, 1) - 1)), 0)))"),0.0) -> 0 | X30: =$W30*1.25 -> 0
A31: 30 | B31: 160118733093 | C31: Dinesh Rayala | D31: YES | E31: Accolite | F31: 8 LPA | G31: Darwin Box (Internship) | H31: 25K | I31: Infosys (DSE) | J31: 6.25 LPA | W31: =IFERROR(__xludf.DUMMYFUNCTION("MAX(VALUE(IF(REGEXMATCH($F31, "" ""), LEFT($F31, (FIND("" "", $F31, 1) - 1)), 0)), VALUE(IF(REGEXMATCH($H31, "" ""), LEFT($H31, (FIND("" "", $H31, 1) - 1)), 0)), VALUE(IF(REGEXMATCH($J31, "" ""), LEFT($J31, (FIND("" "", $J31, 1) - 1)), 0)), VALUE(IF(REGEX"&"MATCH($L31, "" ""), LEFT($L31, (FIND("" "", $L31, 1) - 1)), 0)), VALUE(IF(REGEXMATCH($N31, "" ""), LEFT($N31, (FIND("" "", $N31, 1) - 1)), 0)), VALUE(IF(REGEXMATCH($P31, "" ""), LEFT($P31, (FIND("" "", $P31, 1) - 1)), 0)), VALUE(IF(REGEXMATCH($R31, "" "")"&", LEFT($R31, (FIND("" "", $R31, 1) - 1)), 0)), VALUE(IF(REGEXMATCH($T31, "" ""), LEFT($T31, (FIND("" "", $T31, 1) - 1)), 0)), VALUE(IF(REGEXMATCH($V31, "" ""), LEFT($V31, (FIND("" "", $V31, 1) - 1)), 0)))"),8.0) -> 8 | X31: =$W31*1.25 -> 10
A32: 31 | B32: 160118733094 | C32: Durgaprasad Reddy Gondesi | D32: YES | E32: Searce (Software Engineer) | F32: 7.5 LPA | G32: CareAllianz | H32: 11 LPA | W32: =IFERROR(__xludf.DUMMYFUNCTION("MAX(VALUE(IF(REGEXMATCH($F32, "" ""), LEFT($F32, (FIND("" "", $F32, 1) - 1)), 0)), VALUE(IF(REGEXMATCH($H32, "" ""), LEFT($H32, (FIND("" "", $H32, 1) - 1)), 0)), VALUE(IF(REGEXMATCH($J32, "" ""), LEFT($J32, (FIND("" "", $J32, 1) - 1)), 0)), VALUE(IF(REGEX"&"MATCH($L32, "" ""), LEFT($L32, (FIND("" "", $L32, 1) - 1)), 0)), VALUE(IF(REGEXMATCH($N32, "" ""), LEFT($N32, (FIND("" "", $N32, 1) - 1)), 0)), VALUE(IF(REGEXMATCH($P32, "" ""), LEFT($P32, (FIND("" "", $P32, 1) - 1)), 0)), VALUE(IF(REGEXMATCH($R32, "" "")"&", LEFT($R32, (FIND("" "", $R32, 1) - 1)), 0)), VALUE(IF(REGEXMATCH($T32, "" ""), LEFT($T32, (FIND("" "", $T32, 1) - 1)), 0)), VALUE(IF(REGEXMATCH($V32, "" ""), LEFT($V32, (FIND("" "", $V32, 1) - 1)), 0)))"),11.0) -> 11 | X32: =$W32*1.25 -> 13.75
A33: 32 | B33: 160118733095 | C33: Mohammed Faiz | D33: YES | E33: Cognizant GenC Elevate | F33: 4 LPA | G33: Infosys (SE) | H33: 3.6 LPA | I33: MTX | J33: 10.4 LPA | W33: =IFERROR(__xludf.DUMMYFUNCTION("MAX(VALUE(IF(REGEXMATCH($F33, "" ""), LEFT($F33, (FIND("" "", $F33, 1) - 1)), 0)), VALUE(IF(REGEXMATCH($H33, "" ""), LEFT($H33, (FIND("" "", $H33, 1) - 1)), 0)), VALUE(IF(REGEXMATCH($J33, "" ""), LEFT($J33, (FIND("" "", $J33, 1) - 1)), 0)), VALUE(IF(REGEX"&"MATCH($L33, "" ""), LEFT($L33, (FIND("" "", $L33, 1) - 1)), 0)), VALUE(IF(REGEXMATCH($N33, "" ""), LEFT($N33, (FIND("" "", $N33, 1) - 1)), 0)), VALUE(IF(REGEXMATCH($P33, "" ""), LEFT($P33, (FIND("" "", $P33, 1) - 1)), 0)), VALUE(IF(REGEXMATCH($R33, "" "")"&", LEFT($R33, (FIND("" "", $R33, 1) - 1)), 0)), VALUE(IF(REGEXMATCH($T33, "" ""), LEFT($T33, (FIND("" "", $T33, 1) - 1)), 0)), VALUE(IF(REGEXMATCH($V33, "" ""), LEFT($V33, (FIND("" "", $V33, 1) - 1)), 0)))"),10.4) -> 10.4 | X33: =$W33*1.25 -> 13
A34: 33 | B34: 160118733096 | C34: Harish Akula | E34: Deloitte (Tax) | F34: 7.6 LPA | W34: =IFERROR(__xludf.DUMMYFUNCTION("MAX(VALUE(IF(REGEXMATCH($F34, "" ""), LEFT($F34, (FIND("" "", $F34, 1) - 1)), 0)), VALUE(IF(REGEXMATCH($H34, "" ""), LEFT($H34, (FIND("" "", $H34, 1) - 1)), 0)), VALUE(IF(REGEXMATCH($J34, "" ""), LEFT($J34, (FIND("" "", $J34, 1) - 1)), 0)), VALUE(IF(REGEX"&"MATCH($L34, "" ""), LEFT($L34, (FIND("" "", $L34, 1) - 1)), 0)), VALUE(IF(REGEXMATCH($N34, "" ""), LEFT($N34, (FIND("" "", $N34, 1) - 1)), 0)), VALUE(IF(REGEXMATCH($P34, "" ""), LEFT($P34, (FIND("" "", $P34, 1) - 1)), 0)), VALUE(IF(REGEXMATCH($R34, "" "")"&", LEFT($R34, (FIND("" "", $R34, 1) - 1)), 0)), VALUE(IF(REGEXMATCH($T34, "" ""), LEFT($T34, (FIND("" "", $T34, 1) - 1)), 0)), VALUE(IF(REGEXMATCH($V34, "" ""), LEFT($V34, (FIND("" "", $V34, 1) - 1)), 0)))"),7.6) -> 7.6 | X34: =$W34*1.25 -> 9.5
A35: 34 | B35: 160118733097 | C35: Kilari Jagruth | D35: YES | E35: Oracle (GBU) | F35: 16.64 LPA | G35: Infosys (SE) | H35: 3.6 LPA | W35: =IFERROR(__xludf.DUMMYFUNCTION("MAX(VALUE(IF(REGEXMATCH($F35, "" ""), LEFT($F35, (FIND("" "", $F35, 1) - 1)), 0)), VALUE(IF(REGEXMATCH($H35, "" ""), LEFT($H35, (FIND("" "", $H35, 1) - 1)), 0)), VALUE(IF(REGEXMATCH($J35, "" ""), LEFT($J35, (FIND("" "", $J35, 1) - 1)), 0)), VALUE(IF(REGEX"&"MATCH($L35, "" ""), LEFT($L35, (FIND("" "", $L35, 1) - 1)), 0)), VALUE(IF(REGEXMATCH($N35, "" ""), LEFT($N35, (FIND("" "", $N35, 1) - 1)), 0)), VALUE(IF(REGEXMATCH($P35, "" ""), LEFT($P35, (FIND("" "", $P35, 1) - 1)), 0)), VALUE(IF(REGEXMATCH($R35, "" "")"&", LEFT($R35, (FIND("" "", $R35, 1) - 1)), 0)), VALUE(IF(REGEXMATCH($T35, "" ""), LEFT($T35, (FIND("" "", $T35, 1) - 1)), 0)), VALUE(IF(REGEXMATCH($V35, "" ""), LEFT($V35, (FIND("" "", $V35, 1) - 1)), 0)))"),16.64) -> 16.64 | X35: =$W35*1.25 -> 20.8
A36: 35 | B36: 160118733098 | C36: Jashwanth Bheemapaka | D36: YES | E36: Cognizant GenC Elevate | F36: 4 LPA | G36: GE Appliances (Internship) | H36: 20K | I36: LTI (Level 2) | J36: 6.5 LPA | K36: Incture | L36: 7 LPA | M36: Head Digital Works | N36: 12 LPA | W36: =IFERROR(__xludf.DUMMYFUNCTION("MAX(VALUE(IF(REGEXMATCH($F36, "" ""), LEFT($F36, (FIND("" "", $F36, 1) - 1)), 0)), VALUE(IF(REGEXMATCH($H36, "" ""), LEFT($H36, (FIND("" "", $H36, 1) - 1)), 0)), VALUE(IF(REGEXMATCH($J36, "" ""), LEFT($J36, (FIND("" "", $J36, 1) - 1)), 0)), VALUE(IF(REGEX"&"MATCH($L36, "" ""), LEFT($L36, (FIND("" "", $L36, 1) - 1)), 0)), VALUE(IF(REGEXMATCH($N36, "" ""), LEFT($N36, (FIND("" "", $N36, 1) - 1)), 0)), VALUE(IF(REGEXMATCH($P36, "" ""), LEFT($P36, (FIND("" "", $P36, 1) - 1)), 0)), VALUE(IF(REGEXMATCH($R36, "" "")"&", LEFT($R36, (FIND("" "", $R36, 1) - 1)), 0)), VALUE(IF(REGEXMATCH($T36, "" ""), LEFT($T36, (FIND("" "", $T36, 1) - 1)), 0)), VALUE(IF(REGEXMATCH($V36, "" ""), LEFT($V36, (FIND("" "", $V36, 1) - 1)), 0)))"),12.0) -> 12 | X36: =$W36*1.25 -> 15
A37: 36 | B37: 160118733099 | C37: Jayanth Varma Pinnani | W37: =IFERROR(__xludf.DUMMYFUNCTION("MAX(VALUE(IF(REGEXMATCH($F37, "" ""), LEFT($F37, (FIND("" "", $F37, 1) - 1)), 0)), VALUE(IF(REGEXMATCH($H37, "" ""), LEFT($H37, (FIND("" "", $H37, 1) - 1)), 0)), VALUE(IF(REGEXMATCH($J37, "" ""), LEFT($J37, (FIND("" "", $J37, 1) - 1)), 0)), VALUE(IF(REGEX"&"MATCH($L37, "" ""), LEFT($L37, (FIND("" "", $L37, 1) - 1)), 0)), VALUE(IF(REGEXMATCH($N37, "" ""), LEFT($N37, (FIND("" "", $N37, 1) - 1)), 0)), VALUE(IF(REGEXMATCH($P37, "" ""), LEFT($P37, (FIND("" "", $P37, 1) - 1)), 0)), VALUE(IF(REGEXMATCH($R37, "" "")"&", LEFT($R37, (FIND("" "", $R37, 1) - 1)), 0)), VALUE(IF(REGEXMATCH($T37, "" ""), LEFT($T37, (FIND("" "", $T37, 1) - 1)), 0)), VALUE(IF(REGEXMATCH($V37, "" ""), LEFT($V37, (FIND("" "", $V37, 1) - 1)), 0)))"),0.0) -> 0 | X37: =$W37*1.25 -> 0
A38: 37 | B38: 160118733100 | C38: Jayanth Vunnam | D38: YES | E38: Infosys (DSE) | F38: 6.25 LPA | G38: Accenture (ASE) | H38: 4.5 LPA | I38: Merilytics | J38: 6.5 LPA | K38: Capgemini (Analyst) | L38: 4 LPA | M38: Advance Auto Parts | N38: 9 LPA | W38: =IFERROR(__xludf.DUMMYFUNCTION("MAX(VALUE(IF(REGEXMATCH($F38, "" ""), LEFT($F38, (FIND("" "", $F38, 1) - 1)), 0)), VALUE(IF(REGEXMATCH($H38, "" ""), LEFT($H38, (FIND("" "", $H38, 1) - 1)), 0)), VALUE(IF(REGEXMATCH($J38, "" ""), LEFT($J38, (FIND("" "", $J38, 1) - 1)), 0)), VALUE(IF(REGEX"&"MATCH($L38, "" ""), LEFT($L38, (FIND("" "", $L38, 1) - 1)), 0)), VALUE(IF(REGEXMATCH($N38, "" ""), LEFT($N38, (FIND("" "", $N38, 1) - 1)), 0)), VALUE(IF(REGEXMATCH($P38, "" ""), LEFT($P38, (FIND("" "", $P38, 1) - 1)), 0)), VALUE(IF(REGEXMATCH($R38, "" "")"&", LEFT($R38, (FIND("" "", $R38, 1) - 1)), 0)), VALUE(IF(REGEXMATCH($T38, "" ""), LEFT($T38, (FIND("" "", $T38, 1) - 1)), 0)), VALUE(IF(REGEXMATCH($V38, "" ""), LEFT($V38, (FIND("" "", $V38, 1) - 1)), 0)))"),9.0) -> 9 | X38: =$W38*1.25 -> 11.25
A39: 38 | B39: 160118733101 | C39: Khush Jain | W39: =IFERROR(__xludf.DUMMYFUNCTION("MAX(VALUE(IF(REGEXMATCH($F39, "" ""), LEFT($F39, (FIND("" "", $F39, 1) - 1)), 0)), VALUE(IF(REGEXMATCH($H39, "" ""), LEFT($H39, (FIND("" "", $H39, 1) - 1)), 0)), VALUE(IF(REGEXMATCH($J39, "" ""), LEFT($J39, (FIND("" "", $J39, 1) - 1)), 0)), VALUE(IF(REGEX"&"MATCH($L39, "" ""), LEFT($L39, (FIND("" "", $L39, 1) - 1)), 0)), VALUE(IF(REGEXMATCH($N39, "" ""), LEFT($N39, (FIND("" "", $N39, 1) - 1)), 0)), VALUE(IF(REGEXMATCH($P39, "" ""), LEFT($P39, (FIND("" "", $P39, 1) - 1)), 0)), VALUE(IF(REGEXMATCH($R39, "" "")"&", LEFT($R39, (FIND("" "", $R39, 1) - 1)), 0)), VALUE(IF(REGEXMATCH($T39, "" ""), LEFT($T39, (FIND("" "", $T39, 1) - 1)), 0)), VALUE(IF(REGEXMATCH($V39, "" ""), LEFT($V39, (FIND("" "", $V39, 1) - 1)), 0)))"),0.0) -> 0 | X39: =$W39*1.25 -> 0
A40: 39 | B40: 160118733102 | C40: Manideep Kalyanam | D40: YES | E40: Capgemini (Sr.Analyst) | F40: 7.5 LPA | G40: Modak Analytics | H40: 6 LPA | I40: Accenture (ASE) | J40: 4.5 LPA | K40: Darwin Box (Internship) | L40: 25K | W40: =IFERROR(__xludf.DUMMYFUNCTION("MAX(VALUE(IF(REGEXMATCH($F40, "" ""), LEFT($F40, (FIND("" "", $F40, 1) - 1)), 0)), VALUE(IF(REGEXMATCH($H40, "" ""), LEFT($H40, (FIND("" "", $H40, 1) - 1)), 0)), VALUE(IF(REGEXMATCH($J40, "" ""), LEFT($J40, (FIND("" "", $J40, 1) - 1)), 0)), VALUE(IF(REGEX"&"MATCH($L40, "" ""), LEFT($L40, (FIND("" "", $L40, 1) - 1)), 0)), VALUE(IF(REGEXMATCH($N40, "" ""), LEFT($N40, (FIND("" "", $N40, 1) - 1)), 0)), VALUE(IF(REGEXMATCH($P40, "" ""), LEFT($P40, (FIND("" "", $P40, 1) - 1)), 0)), VALUE(IF(REGEXMATCH($R40, "" "")"&", LEFT($R40, (FIND("" "", $R40, 1) - 1)), 0)), VALUE(IF(REGEXMATCH($T40, "" ""), LEFT($T40, (FIND("" "", $T40, 1) - 1)), 0)), VALUE(IF(REGEXMATCH($V40, "" ""), LEFT($V40, (FIND("" "", $V40, 1) - 1)), 0)))"),7.5) -> 7.5 | X40: =$W40*1.25 -> 9.375
A41: 40 | B41: 160118733103 | C41: Pavan Kumar | W41: =IFERROR(__xludf.DUMMYFUNCTION("MAX(VALUE(IF(REGEXMATCH($F41, "" ""), LEFT($F41, (FIND("" "", $F41, 1) - 1)), 0)), VALUE(IF(REGEXMATCH($H41, "" ""), LEFT($H41, (FIND("" "", $H41, 1) - 1)), 0)), VALUE(IF(REGEXMATCH($J41, "" ""), LEFT($J41, (FIND("" "", $J41, 1) - 1)), 0)), VALUE(IF(REGEX"&"MATCH($L41, "" ""), LEFT($L41, (FIND("" "", $L41, 1) - 1)), 0)), VALUE(IF(REGEXMATCH($N41, "" ""), LEFT($N41, (FIND("" "", $N41, 1) - 1)), 0)), VALUE(IF(REGEXMATCH($P41, "" ""), LEFT($P41, (FIND("" "", $P41, 1) - 1)), 0)), VALUE(IF(REGEXMATCH($R41, "" "")"&", LEFT($R41, (FIND("" "", $R41, 1) - 1)), 0)), VALUE(IF(REGEXMATCH($T41, "" ""), LEFT($T41, (FIND("" "", $T41, 1) - 1)), 0)), VALUE(IF(REGEXMATCH($V41, "" ""), LEFT($V41, (FIND("" "", $V41, 1) - 1)), 0)))"),0.0) -> 0 | X41: =$W41*1.25 -> 0
A42: 41 | B42: 160118733105 | C42: Ammanaa Pranith Reddy | W42: =IFERROR(__xludf.DUMMYFUNCTION("MAX(VALUE(IF(REGEXMATCH($F42, "" ""), LEFT($F42, (FIND("" "", $F42, 1) - 1)), 0)), VALUE(IF(REGEXMATCH($H42, "" ""), LEFT($H42, (FIND("" "", $H42, 1) - 1)), 0)), VALUE(IF(REGEXMATCH($J42, "" ""), LEFT($J42, (FIND("" "", $J42, 1) - 1)), 0)), VALUE(IF(REGEX"&"MATCH($L42, "" ""), LEFT($L42, (FIND("" "", $L42, 1) - 1)), 0)), VALUE(IF(REGEXMATCH($N42, "" ""), LEFT($N42, (FIND("" "", $N42, 1) - 1)), 0)), VALUE(IF(REGEXMATCH($P42, "" ""), LEFT($P42, (FIND("" "", $P42, 1) - 1)), 0)), VALUE(IF(REGEXMATCH($R42, "" "")"&", LEFT($R42, (FIND("" "", $R42, 1) - 1)), 0)), VALUE(IF(REGEXMATCH($T42, "" ""), LEFT($T42, (FIND("" "", $T42, 1) - 1)), 0)), VALUE(IF(REGEXMATCH($V42, "" ""), LEFT($V42, (FIND("" "", $V42, 1) - 1)), 0)))"),0.0) -> 0 | X42: =$W42*1.25 -> 0
A43: 42 | B43: 160118733106 | C43: Prashanth Chavanapalli | D43: YES | E43: Cognizant GenC | F43: 4 LPA | G43: Capgemini (Analyst) | H43: 4 LPA | I43: Wipro | J43: 3.5 LPA | W43: =IFERROR(__xludf.DUMMYFUNCTION("MAX(VALUE(IF(REGEXMATCH($F43, "" ""), LEFT($F43, (FIND("" "", $F43, 1) - 1)), 0)), VALUE(IF(REGEXMATCH($H43, "" ""), LEFT($H43, (FIND("" "", $H43, 1) - 1)), 0)), VALUE(IF(REGEXMATCH($J43, "" ""), LEFT($J43, (FIND("" "", $J43, 1) - 1)), 0)), VALUE(IF(REGEX"&"MATCH($L43, "" ""), LEFT($L43, (FIND("" "", $L43, 1) - 1)), 0)), VALUE(IF(REGEXMATCH($N43, "" ""), LEFT($N43, (FIND("" "", $N43, 1) - 1)), 0)), VALUE(IF(REGEXMATCH($P43, "" ""), LEFT($P43, (FIND("" "", $P43, 1) - 1)), 0)), VALUE(IF(REGEXMATCH($R43, "" "")"&", LEFT($R43, (FIND("" "", $R43, 1) - 1)), 0)), VALUE(IF(REGEXMATCH($T43, "" ""), LEFT($T43, (FIND("" "", $T43, 1) - 1)), 0)), VALUE(IF(REGEXMATCH($V43, "" ""), LEFT($V43, (FIND("" "", $V43, 1) - 1)), 0)))"),4.0) -> 4 | X43: =$W43*1.25 -> 5
A44: 43 | B44: 160118733107 | C44: Pushpak Ganagoni | E44: Accenture (ASE) | F44: 4.5 LPA | G44: LTI (Level 2) | H44: 6.5 LPA | I44: DBS | J44: 8.5 LPA | W44: =IFERROR(__xludf.DUMMYFUNCTION("MAX(VALUE(IF(REGEXMATCH($F44, "" ""), LEFT($F44, (FIND("" "", $F44, 1) - 1)), 0)), VALUE(IF(REGEXMATCH($H44, "" ""), LEFT($H44, (FIND("" "", $H44, 1) - 1)), 0)), VALUE(IF(REGEXMATCH($J44, "" ""), LEFT($J44, (FIND("" "", $J44, 1) - 1)), 0)), VALUE(IF(REGEX"&"MATCH($L44, "" ""), LEFT($L44, (FIND("" "", $L44, 1) - 1)), 0)), VALUE(IF(REGEXMATCH($N44, "" ""), LEFT($N44, (FIND("" "", $N44, 1) - 1)), 0)), VALUE(IF(REGEXMATCH($P44, "" ""), LEFT($P44, (FIND("" "", $P44, 1) - 1)), 0)), VALUE(IF(REGEXMATCH($R44, "" "")"&", LEFT($R44, (FIND("" "", $R44, 1) - 1)), 0)), VALUE(IF(REGEXMATCH($T44, "" ""), LEFT($T44, (FIND("" "", $T44, 1) - 1)), 0)), VALUE(IF(REGEXMATCH($V44, "" ""), LEFT($V44, (FIND("" "", $V44, 1) - 1)), 0)))"),8.5) -> 8.5 | X44: =$W44*1.25 -> 10.625
A45: 44 | B45: 160118733108 | C45: Polkumpally Rohan Goud | D45: YES | E45: LTI (Level 2) | F45: 6.5 LPA | G45: Cognizant GenC Elevate | H45: 4 LPA | I45: Capgemini (Analyst) | J45: 4 LPA | K45: Wipro | L45: 3.5 LPA | M45: Advance Auto Parts | N45: 9 LPA | W45: =IFERROR(__xludf.DUMMYFUNCTION("MAX(VALUE(IF(REGEXMATCH($F45, "" ""), LEFT($F45, (FIND("" "", $F45, 1) - 1)), 0)), VALUE(IF(REGEXMATCH($H45, "" ""), LEFT($H45, (FIND("" "", $H45, 1) - 1)), 0)), VALUE(IF(REGEXMATCH($J45, "" ""), LEFT($J45, (FIND("" "", $J45, 1) - 1)), 0)), VALUE(IF(REGEX"&"MATCH($L45, "" ""), LEFT($L45, (FIND("" "", $L45, 1) - 1)), 0)), VALUE(IF(REGEXMATCH($N45, "" ""), LEFT($N45, (FIND("" "", $N45, 1) - 1)), 0)), VALUE(IF(REGEXMATCH($P45, "" ""), LEFT($P45, (FIND("" "", $P45, 1) - 1)), 0)), VALUE(IF(REGEXMATCH($R45, "" "")"&", LEFT($R45, (FIND("" "", $R45, 1) - 1)), 0)), VALUE(IF(REGEXMATCH($T45, "" ""), LEFT($T45, (FIND("" "", $T45, 1) - 1)), 0)), VALUE(IF(REGEXMATCH($V45, "" ""), LEFT($V45, (FIND("" "", $V45, 1) - 1)), 0)))"),9.0) -> 9 | X45: =$W45*1.25 -> 11.25
A46: 45 | B46: 160118733109 | C46: Sai Kiran Chetti | D46: YES | E46: Amazon (Internship) | F46: 50k | G46: LTI (Level 2) | H46: 6.5 LPA | I46: Cognizant GenC | J46: 4 LPA | K46: Advance Auto Parts | L46: 9 LPA | M46: Gap | N46: 9.08 LPA | W46: =IFERROR(__xludf.DUMMYFUNCTION("MAX(VALUE(IF(REGEXMATCH($F46, "" ""), LEFT($F46, (FIND("" "", $F46, 1) - 1)), 0)), VALUE(IF(REGEXMATCH($H46, "" ""), LEFT($H46, (FIND("" "", $H46, 1) - 1)), 0)), VALUE(IF(REGEXMATCH($J46, "" ""), LEFT($J46, (FIND("" "", $J46, 1) - 1)), 0)), VALUE(IF(REGEX"&"MATCH($L46, "" ""), LEFT($L46, (FIND("" "", $L46, 1) - 1)), 0)), VALUE(IF(REGEXMATCH($N46, "" ""), LEFT($N46, (FIND("" "", $N46, 1) - 1)), 0)), VALUE(IF(REGEXMATCH($P46, "" ""), LEFT($P46, (FIND("" "", $P46, 1) - 1)), 0)), VALUE(IF(REGEXMATCH($R46, "" "")"&", LEFT($R46, (FIND("" "", $R46, 1) - 1)), 0)), VALUE(IF(REGEXMATCH($T46, "" ""), LEFT($T46, (FIND("" "", $T46, 1) - 1)), 0)), VALUE(IF(REGEXMATCH($V46, "" ""), LEFT($V46, (FIND("" "", $V46, 1) - 1)), 0)))"),9.08) -> 9.08 | X46: =$W46*1.25 -> 11.35
A47: 46 | B47: 160118733110 | C47: Sai kiran Gandham | W47: =IFERROR(__xludf.DUMMYFUNCTION("MAX(VALUE(IF(REGEXMATCH($F47, "" ""), LEFT($F47, (FIND("" "", $F47, 1) - 1)), 0)), VALUE(IF(REGEXMATCH($H47, "" ""), LEFT($H47, (FIND("" "", $H47, 1) - 1)), 0)), VALUE(IF(REGEXMATCH($J47, "" ""), LEFT($J47, (FIND("" "", $J47, 1) - 1)), 0)), VALUE(IF(REGEX"&"MATCH($L47, "" ""), LEFT($L47, (FIND("" "", $L47, 1) - 1)), 0)), VALUE(IF(REGEXMATCH($N47, "" ""), LEFT($N47, (FIND("" "", $N47, 1) - 1)), 0)), VALUE(IF(REGEXMATCH($P47, "" ""), LEFT($P47, (FIND("" "", $P47, 1) - 1)), 0)), VALUE(IF(REGEXMATCH($R47, "" "")"&", LEFT($R47, (FIND("" "", $R47, 1) - 1)), 0)), VALUE(IF(REGEXMATCH($T47, "" ""), LEFT($T47, (FIND("" "", $T47, 1) - 1)), 0)), VALUE(IF(REGEXMATCH($V47, "" ""), LEFT($V47, (FIND("" "", $V47, 1) - 1)), 0)))"),0.0) -> 0 | X47: =$W47*1.25 -> 0
A48: 47 | B48: 160118733111 | C48: Tuljaram Sai Sankalp Singh | D48: YES | E48: LTI (Level 2) | F48: 6.5 LPA | G48: Cognizant GenC Elevate | H48: 4 LPA | I48: Capgemini (Analyst) | J48: 4 LPA | W48: =IFERROR(__xludf.DUMMYFUNCTION("MAX(VALUE(IF(REGEXMATCH($F48, "" ""), LEFT($F48, (FIND("" "", $F48, 1) - 1)), 0)), VALUE(IF(REGEXMATCH($H48, "" ""), LEFT($H48, (FIND("" "", $H48, 1) - 1)), 0)), VALUE(IF(REGEXMATCH($J48, "" ""), LEFT($J48, (FIND("" "", $J48, 1) - 1)), 0)), VALUE(IF(REGEX"&"MATCH($L48, "" ""), LEFT($L48, (FIND("" "", $L48, 1) - 1)), 0)), VALUE(IF(REGEXMATCH($N48, "" ""), LEFT($N48, (FIND("" "", $N48, 1) - 1)), 0)), VALUE(IF(REGEXMATCH($P48, "" ""), LEFT($P48, (FIND("" "", $P48, 1) - 1)), 0)), VALUE(IF(REGEXMATCH($R48, "" "")"&", LEFT($R48, (FIND("" "", $R48, 1) - 1)), 0)), VALUE(IF(REGEXMATCH($T48, "" ""), LEFT($T48, (FIND("" "", $T48, 1) - 1)), 0)), VALUE(IF(REGEXMATCH($V48, "" ""), LEFT($V48, (FIND("" "", $V48, 1) - 1)), 0)))"),6.5) -> 6.5 | X48: =$W48*1.25 -> 8.125
A49: 48 | B49: 160118733112 | C49: Sai Sasank Majety | D49: YES | E49: Deloitte (Tax) | F49: 7.6 LPA | G49: Futures First (Internship) | H49: 20K | I49: Darwin Box (Internship) | J49: 25K | K49: Infosys (DSE) | L49: 6.25 LPA | W49: =IFERROR(__xludf.DUMMYFUNCTION("MAX(VALUE(IF(REGEXMATCH($F49, "" ""), LEFT($F49, (FIND("" "", $F49, 1) - 1)), 0)), VALUE(IF(REGEXMATCH($H49, "" ""), LEFT($H49, (FIND("" "", $H49, 1) - 1)), 0)), VALUE(IF(REGEXMATCH($J49, "" ""), LEFT($J49, (FIND("" "", $J49, 1) - 1)), 0)), VALUE(IF(REGEX"&"MATCH($L49, "" ""), LEFT($L49, (FIND("" "", $L49, 1) - 1)), 0)), VALUE(IF(REGEXMATCH($N49, "" ""), LEFT($N49, (FIND("" "", $N49, 1) - 1)), 0)), VALUE(IF(REGEXMATCH($P49, "" ""), LEFT($P49, (FIND("" "", $P49, 1) - 1)), 0)), VALUE(IF(REGEXMATCH($R49, "" "")"&", LEFT($R49, (FIND("" "", $R49, 1) - 1)), 0)), VALUE(IF(REGEXMATCH($T49, "" ""), LEFT($T49, (FIND("" "", $T49, 1) - 1)), 0)), VALUE(IF(REGEXMATCH($V49, "" ""), LEFT($V49, (FIND("" "", $V49, 1) - 1)), 0)))"),7.6) -> 7.6 | X49: =$W49*1.25 -> 9.5
A50: 49 | B50: 160118733113 | C50: Sairaj Gurram | D50: YES | E50: Capgemini (Sr.Analyst) | F50: 7.5 LPA | G50: Accenture (Adv ASE) | H50: 6.5 LPA | I50: Cognizant GenC | J50: 4 LPA | K50: Wipro | L50: 3.5 LPA | M50: Samsung (Internship) | N50: 30k | W50: =IFERROR(__xludf.DUMMYFUNCTION("MAX(VALUE(IF(REGEXMATCH($F50, "" ""), LEFT($F50, (FIND("" "", $F50, 1) - 1)), 0)), VALUE(IF(REGEXMATCH($H50, "" ""), LEFT($H50, (FIND("" "", $H50, 1) - 1)), 0)), VALUE(IF(REGEXMATCH($J50, "" ""), LEFT($J50, (FIND("" "", $J50, 1) - 1)), 0)), VALUE(IF(REGEX"&"MATCH($L50, "" ""), LEFT($L50, (FIND("" "", $L50, 1) - 1)), 0)), VALUE(IF(REGEXMATCH($N50, "" ""), LEFT($N50, (FIND("" "", $N50, 1) - 1)), 0)), VALUE(IF(REGEXMATCH($P50, "" ""), LEFT($P50, (FIND("" "", $P50, 1) - 1)), 0)), VALUE(IF(REGEXMATCH($R50, "" "")"&", LEFT($R50, (FIND("" "", $R50, 1) - 1)), 0)), VALUE(IF(REGEXMATCH($T50, "" ""), LEFT($T50, (FIND("" "", $T50, 1) - 1)), 0)), VALUE(IF(REGEXMATCH($V50, "" ""), LEFT($V50, (FIND("" "", $V50, 1) - 1)), 0)))"),7.5) -> 7.5 | X50: =$W50*1.25 -> 9.375
A51: 50 | B51: 160118733114 | C51: Voodem.Saketh Reddy | W51: =IFERROR(__xludf.DUMMYFUNCTION("MAX(VALUE(IF(REGEXMATCH($F51, "" ""), LEFT($F51, (FIND("" "", $F51, 1) - 1)), 0)), VALUE(IF(REGEXMATCH($H51, "" ""), LEFT($H51, (FIND("" "", $H51, 1) - 1)), 0)), VALUE(IF(REGEXMATCH($J51, "" ""), LEFT($J51, (FIND("" "", $J51, 1) - 1)), 0)), VALUE(IF(REGEX"&"MATCH($L51, "" ""), LEFT($L51, (FIND("" "", $L51, 1) - 1)), 0)), VALUE(IF(REGEXMATCH($N51, "" ""), LEFT($N51, (FIND("" "", $N51, 1) - 1)), 0)), VALUE(IF(REGEXMATCH($P51, "" ""), LEFT($P51, (FIND("" "", $P51, 1) - 1)), 0)), VALUE(IF(REGEXMATCH($R51, "" "")"&", LEFT($R51, (FIND("" "", $R51, 1) - 1)), 0)), VALUE(IF(REGEXMATCH($T51, "" ""), LEFT($T51, (FIND("" "", $T51, 1) - 1)), 0)), VALUE(IF(REGEXMATCH($V51, "" ""), LEFT($V51, (FIND("" "", $V51, 1) - 1)), 0)))"),0.0) -> 0 | X51: =$W51*1.25 -> 0
A52: 51 | B52: 160118733115 | C52: Shanmukha Manoj Bharadwaj Korrapati | D52: YES | E52: Micron (IT Operations) | F52: 8.1 LPA | W52: =IFERROR(__xludf.DUMMYFUNCTION("MAX(VALUE(IF(REGEXMATCH($F52, "" ""), LEFT($F52, (FIND("" "", $F52, 1) - 1)), 0)), VALUE(IF(REGEXMATCH($H52, "" ""), LEFT($H52, (FIND("" "", $H52, 1) - 1)), 0)), VALUE(IF(REGEXMATCH($J52, "" ""), LEFT($J52, (FIND("" "", $J52, 1) - 1)), 0)), VALUE(IF(REGEX"&"MATCH($L52, "" ""), LEFT($L52, (FIND("" "", $L52, 1) - 1)), 0)), VALUE(IF(REGEXMATCH($N52, "" ""), LEFT($N52, (FIND("" "", $N52, 1) - 1)), 0)), VALUE(IF(REGEXMATCH($P52, "" ""), LEFT($P52, (FIND("" "", $P52, 1) - 1)), 0)), VALUE(IF(REGEXMATCH($R52, "" "")"&", LEFT($R52, (FIND("" "", $R52, 1) - 1)), 0)), VALUE(IF(REGEXMATCH($T52, "" ""), LEFT($T52, (FIND("" "", $T52, 1) - 1)), 0)), VALUE(IF(REGEXMATCH($V52, "" ""), LEFT($V52, (FIND("" "", $V52, 1) - 1)), 0)))"),8.1) -> 8.1 | X52: =$W52*1.25 -> 10.125
A53: 52 | B53: 160118733116 | C53: Shivang Aggarwal | D53: YES | E53: Cognizant GenC Next | F53: 6.75 LPA | G53: Barclays | H53: 12.73 LPA | I53: Accenture (Adv ASE) | J53: 6.5 LPA | K53: GE Appliances (Internship) | L53: 20K | W53: =IFERROR(__xludf.DUMMYFUNCTION("MAX(VALUE(IF(REGEXMATCH($F53, "" ""), LEFT($F53, (FIND("" "", $F53, 1) - 1)), 0)), VALUE(IF(REGEXMATCH($H53, "" ""), LEFT($H53, (FIND("" "", $H53, 1) - 1)), 0)), VALUE(IF(REGEXMATCH($J53, "" ""), LEFT($J53, (FIND("" "", $J53, 1) - 1)), 0)), VALUE(IF(REGEX"&"MATCH($L53, "" ""), LEFT($L53, (FIND("" "", $L53, 1) - 1)), 0)), VALUE(IF(REGEXMATCH($N53, "" ""), LEFT($N53, (FIND("" "", $N53, 1) - 1)), 0)), VALUE(IF(REGEXMATCH($P53, "" ""), LEFT($P53, (FIND("" "", $P53, 1) - 1)), 0)), VALUE(IF(REGEXMATCH($R53, "" "")"&", LEFT($R53, (FIND("" "", $R53, 1) - 1)), 0)), VALUE(IF(REGEXMATCH($T53, "" ""), LEFT($T53, (FIND("" "", $T53, 1) - 1)), 0)), VALUE(IF(REGEXMATCH($V53, "" ""), LEFT($V53, (FIND("" "", $V53, 1) - 1)), 0)))"),12.73) -> 12.73 | X53: =$W53*1.25 -> 15.9125
A54: 53 | B54: 160118733117 | C54: Jangam Tarun | D54: YES | E54: Cognizant GenC Elevate | F54: 4 LPA | G54: Wipro | H54: 3.5 LPA | I54: Ford Motors | J54: 5.7 LPA | K54: Blue Yonder (Internship) | L54: 35K | M54: DBS | N54: 8.5 LPA | W54: =IFERROR(__xludf.DUMMYFUNCTION("MAX(VALUE(IF(REGEXMATCH($F54, "" ""), LEFT($F54, (FIND("" "", $F54, 1) - 1)), 0)), VALUE(IF(REGEXMATCH($H54, "" ""), LEFT($H54, (FIND("" "", $H54, 1) - 1)), 0)), VALUE(IF(REGEXMATCH($J54, "" ""), LEFT($J54, (FIND("" "", $J54, 1) - 1)), 0)), VALUE(IF(REGEX"&"MATCH($L54, "" ""), LEFT($L54, (FIND("" "", $L54, 1) - 1)), 0)), VALUE(IF(REGEXMATCH($N54, "" ""), LEFT($N54, (FIND("" "", $N54, 1) - 1)), 0)), VALUE(IF(REGEXMATCH($P54, "" ""), LEFT($P54, (FIND("" "", $P54, 1) - 1)), 0)), VALUE(IF(REGEXMATCH($R54, "" "")"&", LEFT($R54, (FIND("" "", $R54, 1) - 1)), 0)), VALUE(IF(REGEXMATCH($T54, "" ""), LEFT($T54, (FIND("" "", $T54, 1) - 1)), 0)), VALUE(IF(REGEXMATCH($V54, "" ""), LEFT($V54, (FIND("" "", $V54, 1) - 1)), 0)))"),8.5) -> 8.5 | X54: =$W54*1.25 -> 10.625
A55: 54 | B55: 160118733118 | C55: Varshith Sheggari | E55: Wipro | F55: 3.5 LPA | G55: Virtusa | H55: $45K | W55: =IFERROR(__xludf.DUMMYFUNCTION("MAX(VALUE(IF(REGEXMATCH($F55, "" ""), LEFT($F55, (FIND("" "", $F55, 1) - 1)), 0)), VALUE(IF(REGEXMATCH($H55, "" ""), LEFT($H55, (FIND("" "", $H55, 1) - 1)), 0)), VALUE(IF(REGEXMATCH($J55, "" ""), LEFT($J55, (FIND("" "", $J55, 1) - 1)), 0)), VALUE(IF(REGEX"&"MATCH($L55, "" ""), LEFT($L55, (FIND("" "", $L55, 1) - 1)), 0)), VALUE(IF(REGEXMATCH($N55, "" ""), LEFT($N55, (FIND("" "", $N55, 1) - 1)), 0)), VALUE(IF(REGEXMATCH($P55, "" ""), LEFT($P55, (FIND("" "", $P55, 1) - 1)), 0)), VALUE(IF(REGEXMATCH($R55, "" "")"&", LEFT($R55, (FIND("" "", $R55, 1) - 1)), 0)), VALUE(IF(REGEXMATCH($T55, "" ""), LEFT($T55, (FIND("" "", $T55, 1) - 1)), 0)), VALUE(IF(REGEXMATCH($V55, "" ""), LEFT($V55, (FIND("" "", $V55, 1) - 1)), 0)))"),3.5) -> 3.5 | X55: =$W55*1.25 -> 4.375
A56: 55 | B56: 160118733119 | C56: Venkata Ajay Kumar Kadiyala | E56: Modak Analytics | F56: 6 LPA | W56: =IFERROR(__xludf.DUMMYFUNCTION("MAX(VALUE(IF(REGEXMATCH($F56, "" ""), LEFT($F56, (FIND("" "", $F56, 1) - 1)), 0)), VALUE(IF(REGEXMATCH($H56, "" ""), LEFT($H56, (FIND("" "", $H56, 1) - 1)), 0)), VALUE(IF(REGEXMATCH($J56, "" ""), LEFT($J56, (FIND("" "", $J56, 1) - 1)), 0)), VALUE(IF(REGEX"&"MATCH($L56, "" ""), LEFT($L56, (FIND("" "", $L56, 1) - 1)), 0)), VALUE(IF(REGEXMATCH($N56, "" ""), LEFT($N56, (FIND("" "", $N56, 1) - 1)), 0)), VALUE(IF(REGEXMATCH($P56, "" ""), LEFT($P56, (FIND("" "", $P56, 1) - 1)), 0)), VALUE(IF(REGEXMATCH($R56, "" "")"&", LEFT($R56, (FIND("" "", $R56, 1) - 1)), 0)), VALUE(IF(REGEXMATCH($T56, "" ""), LEFT($T56, (FIND("" "", $T56, 1) - 1)), 0)), VALUE(IF(REGEXMATCH($V56, "" ""), LEFT($V56, (FIND("" "", $V56, 1) - 1)), 0)))"),6.0) -> 6 | X56: =$W56*1.25 -> 7.5
A57: 56 | B57: 160118733120 | C57: Venkata Sai Nikhil Vuyyuru | E57: Accenture (ASE) | F57: 4.5 LPA | W57: =IFERROR(__xludf.DUMMYFUNCTION("MAX(VALUE(IF(REGEXMATCH($F57, "" ""), LEFT($F57, (FIND("" "", $F57, 1) - 1)), 0)), VALUE(IF(REGEXMATCH($H57, "" ""), LEFT($H57, (FIND("" "", $H57, 1) - 1)), 0)), VALUE(IF(REGEXMATCH($J57, "" ""), LEFT($J57, (FIND("" "", $J57, 1) - 1)), 0)), VALUE(IF(REGEX"&"MATCH($L57, "" ""), LEFT($L57, (FIND("" "", $L57, 1) - 1)), 0)), VALUE(IF(REGEXMATCH($N57, "" ""), LEFT($N57, (FIND("" "", $N57, 1) - 1)), 0)), VALUE(IF(REGEXMATCH($P57, "" ""), LEFT($P57, (FIND("" "", $P57, 1) - 1)), 0)), VALUE(IF(REGEXMATCH($R57, "" "")"&", LEFT($R57, (FIND("" "", $R57, 1) - 1)), 0)), VALUE(IF(REGEXMATCH($T57, "" ""), LEFT($T57, (FIND("" "", $T57, 1) - 1)), 0)), VALUE(IF(REGEXMATCH($V57, "" ""), LEFT($V57, (FIND("" "", $V57, 1) - 1)), 0)))"),4.5) -> 4.5 | X57: =$W57*1.25 -> 5.625
A58: 57 | B58: 160118733183 | C58: Malik Arsalan Majid | D58: YES | E58: Alliant Group | F58: 5.5 LPA | W58: =IFERROR(__xludf.DUMMYFUNCTION("MAX(VALUE(IF(REGEXMATCH($F58, "" ""), LEFT($F58, (FIND("" "", $F58, 1) - 1)), 0)), VALUE(IF(REGEXMATCH($H58, "" ""), LEFT($H58, (FIND("" "", $H58, 1) - 1)), 0)), VALUE(IF(REGEXMATCH($J58, "" ""), LEFT($J58, (FIND("" "", $J58, 1) - 1)), 0)), VALUE(IF(REGEX"&"MATCH($L58, "" ""), LEFT($L58, (FIND("" "", $L58, 1) - 1)), 0)), VALUE(IF(REGEXMATCH($N58, "" ""), LEFT($N58, (FIND("" "", $N58, 1) - 1)), 0)), VALUE(IF(REGEXMATCH($P58, "" ""), LEFT($P58, (FIND("" "", $P58, 1) - 1)), 0)), VALUE(IF(REGEXMATCH($R58, "" "")"&", LEFT($R58, (FIND("" "", $R58, 1) - 1)), 0)), VALUE(IF(REGEXMATCH($T58, "" ""), LEFT($T58, (FIND("" "", $T58, 1) - 1)), 0)), VALUE(IF(REGEXMATCH($V58, "" ""), LEFT($V58, (FIND("" "", $V58, 1) - 1)), 0)))"),5.5) -> 5.5 | X58: =$W58*1.25 -> 6.875
A59: 58 | B59: 160118733184 | C59: Vaneet Kapoor | E59: Cognizant GenC Elevate | F59: 4 LPA | G59: Amazon FTE | H59: 31.5 LPA | I59: Accenture (ASE) | J59: 4.5 LPA | K59: LTI (Level 2) | L59: 6.5 LPA | M59: GAP | N59: 9.08 LPA | W59: =IFERROR(__xludf.DUMMYFUNCTION("MAX(VALUE(IF(REGEXMATCH($F59, "" ""), LEFT($F59, (FIND("" "", $F59, 1) - 1)), 0)), VALUE(IF(REGEXMATCH($H59, "" ""), LEFT($H59, (FIND("" "", $H59, 1) - 1)), 0)), VALUE(IF(REGEXMATCH($J59, "" ""), LEFT($J59, (FIND("" "", $J59, 1) - 1)), 0)), VALUE(IF(REGEX"&"MATCH($L59, "" ""), LEFT($L59, (FIND("" "", $L59, 1) - 1)), 0)), VALUE(IF(REGEXMATCH($N59, "" ""), LEFT($N59, (FIND("" "", $N59, 1) - 1)), 0)), VALUE(IF(REGEXMATCH($P59, "" ""), LEFT($P59, (FIND("" "", $P59, 1) - 1)), 0)), VALUE(IF(REGEXMATCH($R59, "" "")"&", LEFT($R59, (FIND("" "", $R59, 1) - 1)), 0)), VALUE(IF(REGEXMATCH($T59, "" ""), LEFT($T59, (FIND("" "", $T59, 1) - 1)), 0)), VALUE(IF(REGEXMATCH($V59, "" ""), LEFT($V59, (FIND("" "", $V59, 1) - 1)), 0)))"),31.5) -> 31.5 | X59: =$W59*1.25 -> 39.375
A60: 59 | B60: 160118733187 | C60: Kallamadi Rutva | D60: YES | E60: Cognizant GenC Elevate | F60: 4 LPA | G60: Infosys (SE) | H60: 3.6 LPA | I60: PwC Acceleration Center | J60: 6 LPA | K60: Genc Pro | L60: 5.4 LPA | M60: Mu Sigma | N60: 3.5 LPA | W60: =IFERROR(__xludf.DUMMYFUNCTION("MAX(VALUE(IF(REGEXMATCH($F60, "" ""), LEFT($F60, (FIND("" "", $F60, 1) - 1)), 0)), VALUE(IF(REGEXMATCH($H60, "" ""), LEFT($H60, (FIND("" "", $H60, 1) - 1)), 0)), VALUE(IF(REGEXMATCH($J60, "" ""), LEFT($J60, (FIND("" "", $J60, 1) - 1)), 0)), VALUE(IF(REGEX"&"MATCH($L60, "" ""), LEFT($L60, (FIND("" "", $L60, 1) - 1)), 0)), VALUE(IF(REGEXMATCH($N60, "" ""), LEFT($N60, (FIND("" "", $N60, 1) - 1)), 0)), VALUE(IF(REGEXMATCH($P60, "" ""), LEFT($P60, (FIND("" "", $P60, 1) - 1)), 0)), VALUE(IF(REGEXMATCH($R60, "" "")"&", LEFT($R60, (FIND("" "", $R60, 1) - 1)), 0)), VALUE(IF(REGEXMATCH($T60, "" ""), LEFT($T60, (FIND("" "", $T60, 1) - 1)), 0)), VALUE(IF(REGEXMATCH($V60, "" ""), LEFT($V60, (FIND("" "", $V60, 1) - 1)), 0)))"),6.0) -> 6 | X60: =$W60*1.25 -> 7.5
A61: 60 | B61: 160118733307 | C61: Mohammed Basheer Uddin | E61: Wipro | F61: 3.5 LPA | G61: Hexagon | H61: 5.5 LPA | W61: =IFERROR(__xludf.DUMMYFUNCTION("MAX(VALUE(IF(REGEXMATCH($F61, "" ""), LEFT($F61, (FIND("" "", $F61, 1) - 1)), 0)), VALUE(IF(REGEXMATCH($H61, "" ""), LEFT($H61, (FIND("" "", $H61, 1) - 1)), 0)), VALUE(IF(REGEXMATCH($J61, "" ""), LEFT($J61, (FIND("" "", $J61, 1) - 1)), 0)), VALUE(IF(REGEX"&"MATCH($L61, "" ""), LEFT($L61, (FIND("" "", $L61, 1) - 1)), 0)), VALUE(IF(REGEXMATCH($N61, "" ""), LEFT($N61, (FIND("" "", $N61, 1) - 1)), 0)), VALUE(IF(REGEXMATCH($P61, "" ""), LEFT($P61, (FIND("" "", $P61, 1) - 1)), 0)), VALUE(IF(REGEXMATCH($R61, "" "")"&", LEFT($R61, (FIND("" "", $R61, 1) - 1)), 0)), VALUE(IF(REGEXMATCH($T61, "" ""), LEFT($T61, (FIND("" "", $T61, 1) - 1)), 0)), VALUE(IF(REGEXMATCH($V61, "" ""), LEFT($V61, (FIND("" "", $V61, 1) - 1)), 0)))"),5.5) -> 5.5 | X61: =$W61*1.25 -> 6.875
A62: 61 | B62: 160118733308 | C62: Domakonda Raviteja | D62: YES | E62: Cognizant GenC Next | F62: 6.75 LPA | G62: Barclays | H62: 12.73 LPA | W62: =IFERROR(__xludf.DUMMYFUNCTION("MAX(VALUE(IF(REGEXMATCH($F62, "" ""), LEFT($F62, (FIND("" "", $F62, 1) - 1)), 0)), VALUE(IF(REGEXMATCH($H62, "" ""), LEFT($H62, (FIND("" "", $H62, 1) - 1)), 0)), VALUE(IF(REGEXMATCH($J62, "" ""), LEFT($J62, (FIND("" "", $J62, 1) - 1)), 0)), VALUE(IF(REGEX"&"MATCH($L62, "" ""), LEFT($L62, (FIND("" "", $L62, 1) - 1)), 0)), VALUE(IF(REGEXMATCH($N62, "" ""), LEFT($N62, (FIND("" "", $N62, 1) - 1)), 0)), VALUE(IF(REGEXMATCH($P62, "" ""), LEFT($P62, (FIND("" "", $P62, 1) - 1)), 0)), VALUE(IF(REGEXMATCH($R62, "" "")"&", LEFT($R62, (FIND("" "", $R62, 1) - 1)), 0)), VALUE(IF(REGEXMATCH($T62, "" ""), LEFT($T62, (FIND("" "", $T62, 1) - 1)), 0)), VALUE(IF(REGEXMATCH($V62, "" ""), LEFT($V62, (FIND("" "", $V62, 1) - 1)), 0)))"),12.73) -> 12.73 | X62: =$W62*1.25 -> 15.9125
A63: 62 | B63: 160118733309 | C63: Maanvitha Bhima | D63: YES | E63: JPMC | F63: 14 LPA | W63: =IFERROR(__xludf.DUMMYFUNCTION("MAX(VALUE(IF(REGEXMATCH($F63, "" ""), LEFT($F63, (FIND("" "", $F63, 1) - 1)), 0)), VALUE(IF(REGEXMATCH($H63, "" ""), LEFT($H63, (FIND("" "", $H63, 1) - 1)), 0)), VALUE(IF(REGEXMATCH($J63, "" ""), LEFT($J63, (FIND("" "", $J63, 1) - 1)), 0)), VALUE(IF(REGEX"&"MATCH($L63, "" ""), LEFT($L63, (FIND("" "", $L63, 1) - 1)), 0)), VALUE(IF(REGEXMATCH($N63, "" ""), LEFT($N63, (FIND("" "", $N63, 1) - 1)), 0)), VALUE(IF(REGEXMATCH($P63, "" ""), LEFT($P63, (FIND("" "", $P63, 1) - 1)), 0)), VALUE(IF(REGEXMATCH($R63, "" "")"&", LEFT($R63, (FIND("" "", $R63, 1) - 1)), 0)), VALUE(IF(REGEXMATCH($T63, "" ""), LEFT($T63, (FIND("" "", $T63, 1) - 1)), 0)), VALUE(IF(REGEXMATCH($V63, "" ""), LEFT($V63, (FIND("" "", $V63, 1) - 1)), 0)))"),14.0) -> 14 | X63: =$W63*1.25 -> 17.5
A64: 63 | B64: 160118733310 | C64: Mohammed hafeez | E64: Ford Motors | F64: 5.7 LPA | G64: DBS | H64: 8.5 LPA | W64: =IFERROR(__xludf.DUMMYFUNCTION("MAX(VALUE(IF(REGEXMATCH($F64, "" ""), LEFT($F64, (FIND("" "", $F64, 1) - 1)), 0)), VALUE(IF(REGEXMATCH($H64, "" ""), LEFT($H64, (FIND("" "", $H64, 1) - 1)), 0)), VALUE(IF(REGEXMATCH($J64, "" ""), LEFT($J64, (FIND("" "", $J64, 1) - 1)), 0)), VALUE(IF(REGEX"&"MATCH($L64, "" ""), LEFT($L64, (FIND("" "", $L64, 1) - 1)), 0)), VALUE(IF(REGEXMATCH($N64, "" ""), LEFT($N64, (FIND("" "", $N64, 1) - 1)), 0)), VALUE(IF(REGEXMATCH($P64, "" ""), LEFT($P64, (FIND("" "", $P64, 1) - 1)), 0)), VALUE(IF(REGEXMATCH($R64, "" "")"&", LEFT($R64, (FIND("" "", $R64, 1) - 1)), 0)), VALUE(IF(REGEXMATCH($T64, "" ""), LEFT($T64, (FIND("" "", $T64, 1) - 1)), 0)), VALUE(IF(REGEXMATCH($V64, "" ""), LEFT($V64, (FIND("" "", $V64, 1) - 1)), 0)))"),8.5) -> 8.5 | X64: =$W64*1.25 -> 10.625
A65: 64 | B65: 160118733311 | C65: Rangamola Mounika | E65: Mu Sigma | F65: 3.5 LPA | G65: Gyansys infotech | H65: 4.5 LPA | W65: =IFERROR(__xludf.DUMMYFUNCTION("MAX(VALUE(IF(REGEXMATCH($F65, "" ""), LEFT($F65, (FIND("" "", $F65, 1) - 1)), 0)), VALUE(IF(REGEXMATCH($H65, "" ""), LEFT($H65, (FIND("" "", $H65, 1) - 1)), 0)), VALUE(IF(REGEXMATCH($J65, "" ""), LEFT($J65, (FIND("" "", $J65, 1) - 1)), 0)), VALUE(IF(REGEX"&"MATCH($L65, "" ""), LEFT($L65, (FIND("" "", $L65, 1) - 1)), 0)), VALUE(IF(REGEXMATCH($N65, "" ""), LEFT($N65, (FIND("" "", $N65, 1) - 1)), 0)), VALUE(IF(REGEXMATCH($P65, "" ""), LEFT($P65, (FIND("" "", $P65, 1) - 1)), 0)), VALUE(IF(REGEXMATCH($R65, "" "")"&", LEFT($R65, (FIND("" "", $R65, 1) - 1)), 0)), VALUE(IF(REGEXMATCH($T65, "" ""), LEFT($T65, (FIND("" "", $T65, 1) - 1)), 0)), VALUE(IF(REGEXMATCH($V65, "" ""), LEFT($V65, (FIND("" "", $V65, 1) - 1)), 0)))"),4.5) -> 4.5 | X65: =$W65*1.25 -> 5.625
A66: 65 | B66: 160118733312 | C66: Sunkara Teja | D66: YES | E66: Accenture (Internship) | F66: 16.1K | W66: =IFERROR(__xludf.DUMMYFUNCTION("MAX(VALUE(IF(REGEXMATCH($F66, "" ""), LEFT($F66, (FIND("" "", $F66, 1) - 1)), 0)), VALUE(IF(REGEXMATCH($H66, "" ""), LEFT($H66, (FIND("" "", $H66, 1) - 1)), 0)), VALUE(IF(REGEXMATCH($J66, "" ""), LEFT($J66, (FIND("" "", $J66, 1) - 1)), 0)), VALUE(IF(REGEX"&"MATCH($L66, "" ""), LEFT($L66, (FIND("" "", $L66, 1) - 1)), 0)), VALUE(IF(REGEXMATCH($N66, "" ""), LEFT($N66, (FIND("" "", $N66, 1) - 1)), 0)), VALUE(IF(REGEXMATCH($P66, "" ""), LEFT($P66, (FIND("" "", $P66, 1) - 1)), 0)), VALUE(IF(REGEXMATCH($R66, "" "")"&", LEFT($R66, (FIND("" "", $R66, 1) - 1)), 0)), VALUE(IF(REGEXMATCH($T66, "" ""), LEFT($T66, (FIND("" "", $T66, 1) - 1)), 0)), VALUE(IF(REGEXMATCH($V66, "" ""), LEFT($V66, (FIND("" "", $V66, 1) - 1)), 0)))"),0.0) -> 0 | X66: =$W66*1.25 -> 0
A67: 66 | B67: 160116733088 | C67: Deepak Krishna | W67: =IFERROR(__xludf.DUMMYFUNCTION("MAX(VALUE(IF(REGEXMATCH($F67, "" ""), LEFT($F67, (FIND("" "", $F67, 1) - 1)), 0)), VALUE(IF(REGEXMATCH($H67, "" ""), LEFT($H67, (FIND("" "", $H67, 1) - 1)), 0)), VALUE(IF(REGEXMATCH($J67, "" ""), LEFT($J67, (FIND("" "", $J67, 1) - 1)), 0)), VALUE(IF(REGEX"&"MATCH($L67, "" ""), LEFT($L67, (FIND("" "", $L67, 1) - 1)), 0)), VALUE(IF(REGEXMATCH($N67, "" ""), LEFT($N67, (FIND("" "", $N67, 1) - 1)), 0)), VALUE(IF(REGEXMATCH($P67, "" ""), LEFT($P67, (FIND("" "", $P67, 1) - 1)), 0)), VALUE(IF(REGEXMATCH($R67, "" "")"&", LEFT($R67, (FIND("" "", $R67, 1) - 1)), 0)), VALUE(IF(REGEXMATCH($T67, "" ""), LEFT($T67, (FIND("" "", $T67, 1) - 1)), 0)), VALUE(IF(REGEXMATCH($V67, "" ""), LEFT($V67, (FIND("" "", $V67, 1) - 1)), 0)))"),0.0) -> 0 | X67: =$W67*1.25 -> 0
A68: 67 | B68: 160117733085 | C68: Nevuri Abhiram Reddy | W68: =IFERROR(__xludf.DUMMYFUNCTION("MAX(VALUE(IF(REGEXMATCH($F68, "" ""), LEFT($F68, (FIND("" "", $F68, 1) - 1)), 0)), VALUE(IF(REGEXMATCH($H68, "" ""), LEFT($H68, (FIND("" "", $H68, 1) - 1)), 0)), VALUE(IF(REGEXMATCH($J68, "" ""), LEFT($J68, (FIND("" "", $J68, 1) - 1)), 0)), VALUE(IF(REGEX"&"MATCH($L68, "" ""), LEFT($L68, (FIND("" "", $L68, 1) - 1)), 0)), VALUE(IF(REGEXMATCH($N68, "" ""), LEFT($N68, (FIND("" "", $N68, 1) - 1)), 0)), VALUE(IF(REGEXMATCH($P68, "" ""), LEFT($P68, (FIND("" "", $P68, 1) - 1)), 0)), VALUE(IF(REGEXMATCH($R68, "" "")"&", LEFT($R68, (FIND("" "", $R68, 1) - 1)), 0)), VALUE(IF(REGEXMATCH($T68, "" ""), LEFT($T68, (FIND("" "", $T68, 1) - 1)), 0)), VALUE(IF(REGEXMATCH($V68, "" ""), LEFT($V68, (FIND("" "", $V68, 1) - 1)), 0)))"),0.0) -> 0 | X68: =$W68*1.25 -> 0
A69: 68 | B69: 160117733097 | C69: Mohammed sohail khan | W69: =IFERROR(__xludf.DUMMYFUNCTION("MAX(VALUE(IF(REGEXMATCH($F69, "" ""), LEFT($F69, (FIND("" "", $F69, 1) - 1)), 0)), VALUE(IF(REGEXMATCH($H69, "" ""), LEFT($H69, (FIND("" "", $H69, 1) - 1)), 0)), VALUE(IF(REGEXMATCH($J69, "" ""), LEFT($J69, (FIND("" "", $J69, 1) - 1)), 0)), VALUE(IF(REGEX"&"MATCH($L69, "" ""), LEFT($L69, (FIND("" "", $L69, 1) - 1)), 0)), VALUE(IF(REGEXMATCH($N69, "" ""), LEFT($N69, (FIND("" "", $N69, 1) - 1)), 0)), VALUE(IF(REGEXMATCH($P69, "" ""), LEFT($P69, (FIND("" "", $P69, 1) - 1)), 0)), VALUE(IF(REGEXMATCH($R69, "" "")"&", LEFT($R69, (FIND("" "", $R69, 1) - 1)), 0)), VALUE(IF(REGEXMATCH($T69, "" ""), LEFT($T69, (FIND("" "", $T69, 1) - 1)), 0)), VALUE(IF(REGEXMATCH($V69, "" ""), LEFT($V69, (FIND("" "", $V69, 1) - 1)), 0)))"),0.0) -> 0 | X69: =$W69*1.25 -> 0
A70: 69 | B70: 160117733113 | C70: Yeddula Sivaprasad Reddy | W70: =IFERROR(__xludf.DUMMYFUNCTION("MAX(VALUE(IF(REGEXMATCH($F70, "" ""), LEFT($F70, (FIND("" "", $F70, 1) - 1)), 0)), VALUE(IF(REGEXMATCH($H70, "" ""), LEFT($H70, (FIND("" "", $H70, 1) - 1)), 0)), VALUE(IF(REGEXMATCH($J70, "" ""), LEFT($J70, (FIND("" "", $J70, 1) - 1)), 0)), VALUE(IF(REGEX"&"MATCH($L70, "" ""), LEFT($L70, (FIND("" "", $L70, 1) - 1)), 0)), VALUE(IF(REGEXMATCH($N70, "" ""), LEFT($N70, (FIND("" "", $N70, 1) - 1)), 0)), VALUE(IF(REGEXMATCH($P70, "" ""), LEFT($P70, (FIND("" "", $P70, 1) - 1)), 0)), VALUE(IF(REGEXMATCH($R70, "" "")"&", LEFT($R70, (FIND("" "", $R70, 1) - 1)), 0)), VALUE(IF(REGEXMATCH($T70, "" ""), LEFT($T70, (FIND("" "", $T70, 1) - 1)), 0)), VALUE(IF(REGEXMATCH($V70, "" ""), LEFT($V70, (FIND("" "", $V70, 1) - 1)), 0)))"),0.0) -> 0 | X70: =$W70*1.25 -> 0
A71: 70 | B71: 160117733321 | C71: Adulla Rakesh Kumar | W71: =IFERROR(__xludf.DUMMYFUNCTION("MAX(VALUE(IF(REGEXMATCH($F71, "" ""), LEFT($F71, (FIND("" "", $F71, 1) - 1)), 0)), VALUE(IF(REGEXMATCH($H71, "" ""), LEFT($H71, (FIND("" "", $H71, 1) - 1)), 0)), VALUE(IF(REGEXMATCH($J71, "" ""), LEFT($J71, (FIND("" "", $J71, 1) - 1)), 0)), VALUE(IF(REGEX"&"MATCH($L71, "" ""), LEFT($L71, (FIND("" "", $L71, 1) - 1)), 0)), VALUE(IF(REGEXMATCH($N71, "" ""), LEFT($N71, (FIND("" "", $N71, 1) - 1)), 0)), VALUE(IF(REGEXMATCH($P71, "" ""), LEFT($P71, (FIND("" "", $P71, 1) - 1)), 0)), VALUE(IF(REGEXMATCH($R71, "" "")"&", LEFT($R71, (FIND("" "", $R71, 1) - 1)), 0)), VALUE(IF(REGEXMATCH($T71, "" ""), LEFT($T71, (FIND("" "", $T71, 1) - 1)), 0)), VALUE(IF(REGEXMATCH($V71, "" ""), LEFT($V71, (FIND("" "", $V71, 1) - 1)), 0)))"),0.0) -> 0 | X71: =$W71*1.25 -> 0
C73: Total Number of Students Placed | D73: =COUNTA(E3:E71) -> 55
C75: Total No. of Students with Internship | D75: =COUNTA(D5:D71) -> 40

Sheet CSE3
A1: S No | B1: Roll Number | C1: Name | D1: 6M Internship | E1: First Company Placed | F1: Package | G1: Second Company Placed | H1: Package | I1: Third Company Placed | J1: Package | K1: Fourth Company Placed | L1: Package | M1: Fifth Company Placed | N1: Package | O1: Sixth Company Placed | P1: Package | Q1: Seventh Company Placed | R1: Package | S1: Eighth Company Placed | T1: Package | U1: Ninth Company Placed | V1: Package | W1: Highest Package | X1: Eligibility
A2: 1 | B2: 160118733121 | C2: Aishwarya Jaini | D2: YES | E2: JPMC | F2: 14 LPA | W2: =IFERROR(__xludf.DUMMYFUNCTION("MAX(VALUE(IF(REGEXMATCH($F2, "" ""), LEFT($F2, (FIND("" "", $F2, 1) - 1)), 0)), VALUE(IF(REGEXMATCH($H2, "" ""), LEFT($H2, (FIND("" "", $H2, 1) - 1)), 0)), VALUE(IF(REGEXMATCH($J2, "" ""), LEFT($J2, (FIND("" "", $J2, 1) - 1)), 0)), VALUE(IF(REGEXMATCH($L2"&", "" ""), LEFT($L2, (FIND("" "", $L2, 1) - 1)), 0)), VALUE(IF(REGEXMATCH($N2, "" ""), LEFT($N2, (FIND("" "", $N2, 1) - 1)), 0)), VALUE(IF(REGEXMATCH($P2, "" ""), LEFT($P2, (FIND("" "", $P2, 1) - 1)), 0)), VALUE(IF(REGEXMATCH($R2, "" ""), LEFT($R2, (FIND("&""" "", $R2, 1) - 1)), 0)), VALUE(IF(REGEXMATCH($T2, "" ""), LEFT($T2, (FIND("" "", $T2, 1) - 1)), 0)), VALUE(IF(REGEXMATCH($V2, "" ""), LEFT($V2, (FIND("" "", $V2, 1) - 1)), 0)))"),14.0) -> 14 | X2: =$W2*1.25 -> 17.5
A3: 2 | B3: 160118733122 | C3: Aishwarya Mamidi | D3: YES | E3: JPMC (PPO) | F3: 14 LPA | G3: Infosys (SE) | H3: 3.6 LPA | W3: =IFERROR(__xludf.DUMMYFUNCTION("MAX(VALUE(IF(REGEXMATCH($F3, "" ""), LEFT($F3, (FIND("" "", $F3, 1) - 1)), 0)), VALUE(IF(REGEXMATCH($H3, "" ""), LEFT($H3, (FIND("" "", $H3, 1) - 1)), 0)), VALUE(IF(REGEXMATCH($J3, "" ""), LEFT($J3, (FIND("" "", $J3, 1) - 1)), 0)), VALUE(IF(REGEXMATCH($L3"&", "" ""), LEFT($L3, (FIND("" "", $L3, 1) - 1)), 0)), VALUE(IF(REGEXMATCH($N3, "" ""), LEFT($N3, (FIND("" "", $N3, 1) - 1)), 0)), VALUE(IF(REGEXMATCH($P3, "" ""), LEFT($P3, (FIND("" "", $P3, 1) - 1)), 0)), VALUE(IF(REGEXMATCH($R3, "" ""), LEFT($R3, (FIND("&""" "", $R3, 1) - 1)), 0)), VALUE(IF(REGEXMATCH($T3, "" ""), LEFT($T3, (FIND("" "", $T3, 1) - 1)), 0)), VALUE(IF(REGEXMATCH($V3, "" ""), LEFT($V3, (FIND("" "", $V3, 1) - 1)), 0)))"),14.0) -> 14 | X3: =$W3*1.25 -> 17.5
A4: 3 | B4: 160118733123 | C4: Amulya Usem | D4: YES | E4: JPMC (PPO) | F4: 14 LPA | W4: =IFERROR(__xludf.DUMMYFUNCTION("MAX(VALUE(IF(REGEXMATCH($F4, "" ""), LEFT($F4, (FIND("" "", $F4, 1) - 1)), 0)), VALUE(IF(REGEXMATCH($H4, "" ""), LEFT($H4, (FIND("" "", $H4, 1) - 1)), 0)), VALUE(IF(REGEXMATCH($J4, "" ""), LEFT($J4, (FIND("" "", $J4, 1) - 1)), 0)), VALUE(IF(REGEXMATCH($L4"&", "" ""), LEFT($L4, (FIND("" "", $L4, 1) - 1)), 0)), VALUE(IF(REGEXMATCH($N4, "" ""), LEFT($N4, (FIND("" "", $N4, 1) - 1)), 0)), VALUE(IF(REGEXMATCH($P4, "" ""), LEFT($P4, (FIND("" "", $P4, 1) - 1)), 0)), VALUE(IF(REGEXMATCH($R4, "" ""), LEFT($R4, (FIND("&""" "", $R4, 1) - 1)), 0)), VALUE(IF(REGEXMATCH($T4, "" ""), LEFT($T4, (FIND("" "", $T4, 1) - 1)), 0)), VALUE(IF(REGEXMATCH($V4, "" ""), LEFT($V4, (FIND("" "", $V4, 1) - 1)), 0)))"),14.0) -> 14 | X4: =$W4*1.25 -> 17.5
A5: 4 | B5: 160118733124 | C5: Anna Florence Veluvali | W5: =IFERROR(__xludf.DUMMYFUNCTION("MAX(VALUE(IF(REGEXMATCH($F5, "" ""), LEFT($F5, (FIND("" "", $F5, 1) - 1)), 0)), VALUE(IF(REGEXMATCH($H5, "" ""), LEFT($H5, (FIND("" "", $H5, 1) - 1)), 0)), VALUE(IF(REGEXMATCH($J5, "" ""), LEFT($J5, (FIND("" "", $J5, 1) - 1)), 0)), VALUE(IF(REGEXMATCH($L5"&", "" ""), LEFT($L5, (FIND("" "", $L5, 1) - 1)), 0)), VALUE(IF(REGEXMATCH($N5, "" ""), LEFT($N5, (FIND("" "", $N5, 1) - 1)), 0)), VALUE(IF(REGEXMATCH($P5, "" ""), LEFT($P5, (FIND("" "", $P5, 1) - 1)), 0)), VALUE(IF(REGEXMATCH($R5, "" ""), LEFT($R5, (FIND("&""" "", $R5, 1) - 1)), 0)), VALUE(IF(REGEXMATCH($T5, "" ""), LEFT($T5, (FIND("" "", $T5, 1) - 1)), 0)), VALUE(IF(REGEXMATCH($V5, "" ""), LEFT($V5, (FIND("" "", $V5, 1) - 1)), 0)))"),0.0) -> 0 | X5: =$W5*1.25 -> 0
A6: 5 | B6: 160118733125 | C6: Venna Ashwitha Reddy | D6: YES | E6: Cognizant GenC | F6: 4 LPA | G6: DBS | H6: 8.5 LPA | W6: =IFERROR(__xludf.DUMMYFUNCTION("MAX(VALUE(IF(REGEXMATCH($F6, "" ""), LEFT($F6, (FIND("" "", $F6, 1) - 1)), 0)), VALUE(IF(REGEXMATCH($H6, "" ""), LEFT($H6, (FIND("" "", $H6, 1) - 1)), 0)), VALUE(IF(REGEXMATCH($J6, "" ""), LEFT($J6, (FIND("" "", $J6, 1) - 1)), 0)), VALUE(IF(REGEXMATCH($L6"&", "" ""), LEFT($L6, (FIND("" "", $L6, 1) - 1)), 0)), VALUE(IF(REGEXMATCH($N6, "" ""), LEFT($N6, (FIND("" "", $N6, 1) - 1)), 0)), VALUE(IF(REGEXMATCH($P6, "" ""), LEFT($P6, (FIND("" "", $P6, 1) - 1)), 0)), VALUE(IF(REGEXMATCH($R6, "" ""), LEFT($R6, (FIND("&""" "", $R6, 1) - 1)), 0)), VALUE(IF(REGEXMATCH($T6, "" ""), LEFT($T6, (FIND("" "", $T6, 1) - 1)), 0)), VALUE(IF(REGEXMATCH($V6, "" ""), LEFT($V6, (FIND("" "", $V6, 1) - 1)), 0)))"),8.5) -> 8.5 | X6: =$W6*1.25 -> 10.625
A7: 6 | B7: 160118733126 | C7: Chandana Kalapally | D7: YES | E7: JPMC | F7: 14 LPA | G7: Amazon SDE (Internship) | H7: 80k | I7: F5 Inc | J7: 23 LPA | W7: =IFERROR(__xludf.DUMMYFUNCTION("MAX(VALUE(IF(REGEXMATCH($F7, "" ""), LEFT($F7, (FIND("" "", $F7, 1) - 1)), 0)), VALUE(IF(REGEXMATCH($H7, "" ""), LEFT($H7, (FIND("" "", $H7, 1) - 1)), 0)), VALUE(IF(REGEXMATCH($J7, "" ""), LEFT($J7, (FIND("" "", $J7, 1) - 1)), 0)), VALUE(IF(REGEXMATCH($L7"&", "" ""), LEFT($L7, (FIND("" "", $L7, 1) - 1)), 0)), VALUE(IF(REGEXMATCH($N7, "" ""), LEFT($N7, (FIND("" "", $N7, 1) - 1)), 0)), VALUE(IF(REGEXMATCH($P7, "" ""), LEFT($P7, (FIND("" "", $P7, 1) - 1)), 0)), VALUE(IF(REGEXMATCH($R7, "" ""), LEFT($R7, (FIND("&""" "", $R7, 1) - 1)), 0)), VALUE(IF(REGEXMATCH($T7, "" ""), LEFT($T7, (FIND("" "", $T7, 1) - 1)), 0)), VALUE(IF(REGEXMATCH($V7, "" ""), LEFT($V7, (FIND("" "", $V7, 1) - 1)), 0)))"),23.0) -> 23 | X7: =$W7*1.25 -> 28.75
A8: 7 | B8: 160118733127 | C8: Neelagiri. Dharani | D8: YES | E8: Infosys (SE) | F8: 3.6 LPA | G8: PwC Acceleration Center | H8: 6 LPA | W8: =IFERROR(__xludf.DUMMYFUNCTION("MAX(VALUE(IF(REGEXMATCH($F8, "" ""), LEFT($F8, (FIND("" "", $F8, 1) - 1)), 0)), VALUE(IF(REGEXMATCH($H8, "" ""), LEFT($H8, (FIND("" "", $H8, 1) - 1)), 0)), VALUE(IF(REGEXMATCH($J8, "" ""), LEFT($J8, (FIND("" "", $J8, 1) - 1)), 0)), VALUE(IF(REGEXMATCH($L8"&", "" ""), LEFT($L8, (FIND("" "", $L8, 1) - 1)), 0)), VALUE(IF(REGEXMATCH($N8, "" ""), LEFT($N8, (FIND("" "", $N8, 1) - 1)), 0)), VALUE(IF(REGEXMATCH($P8, "" ""), LEFT($P8, (FIND("" "", $P8, 1) - 1)), 0)), VALUE(IF(REGEXMATCH($R8, "" ""), LEFT($R8, (FIND("&""" "", $R8, 1) - 1)), 0)), VALUE(IF(REGEXMATCH($T8, "" ""), LEFT($T8, (FIND("" "", $T8, 1) - 1)), 0)), VALUE(IF(REGEXMATCH($V8, "" ""), LEFT($V8, (FIND("" "", $V8, 1) - 1)), 0)))"),6.0) -> 6 | X8: =$W8*1.25 -> 7.5
A9: 8 | B9: 160118733128 | C9: Jahnavi Garaga | D9: YES | E9: Accelerize 360 | F9: 7 LPA | G9: Infosys (DSE) | H9: 6.25 LPA | I9: Advance Auto Parts | J9: 9 LPA | W9: =IFERROR(__xludf.DUMMYFUNCTION("MAX(VALUE(IF(REGEXMATCH($F9, "" ""), LEFT($F9, (FIND("" "", $F9, 1) - 1)), 0)), VALUE(IF(REGEXMATCH($H9, "" ""), LEFT($H9, (FIND("" "", $H9, 1) - 1)), 0)), VALUE(IF(REGEXMATCH($J9, "" ""), LEFT($J9, (FIND("" "", $J9, 1) - 1)), 0)), VALUE(IF(REGEXMATCH($L9"&", "" ""), LEFT($L9, (FIND("" "", $L9, 1) - 1)), 0)), VALUE(IF(REGEXMATCH($N9, "" ""), LEFT($N9, (FIND("" "", $N9, 1) - 1)), 0)), VALUE(IF(REGEXMATCH($P9, "" ""), LEFT($P9, (FIND("" "", $P9, 1) - 1)), 0)), VALUE(IF(REGEXMATCH($R9, "" ""), LEFT($R9, (FIND("&""" "", $R9, 1) - 1)), 0)), VALUE(IF(REGEXMATCH($T9, "" ""), LEFT($T9, (FIND("" "", $T9, 1) - 1)), 0)), VALUE(IF(REGEXMATCH($V9, "" ""), LEFT($V9, (FIND("" "", $V9, 1) - 1)), 0)))"),9.0) -> 9 | X9: =$W9*1.25 -> 11.25
A10: 9 | B10: 160118733129 | C10: Koneti Jaya Sriharshita | D10: YES | E10: JPMC | F10: 14 LPA | W10: =IFERROR(__xludf.DUMMYFUNCTION("MAX(VALUE(IF(REGEXMATCH($F10, "" ""), LEFT($F10, (FIND("" "", $F10, 1) - 1)), 0)), VALUE(IF(REGEXMATCH($H10, "" ""), LEFT($H10, (FIND("" "", $H10, 1) - 1)), 0)), VALUE(IF(REGEXMATCH($J10, "" ""), LEFT($J10, (FIND("" "", $J10, 1) - 1)), 0)), VALUE(IF(REGEX"&"MATCH($L10, "" ""), LEFT($L10, (FIND("" "", $L10, 1) - 1)), 0)), VALUE(IF(REGEXMATCH($N10, "" ""), LEFT($N10, (FIND("" "", $N10, 1) - 1)), 0)), VALUE(IF(REGEXMATCH($P10, "" ""), LEFT($P10, (FIND("" "", $P10, 1) - 1)), 0)), VALUE(IF(REGEXMATCH($R10, "" "")"&", LEFT($R10, (FIND("" "", $R10, 1) - 1)), 0)), VALUE(IF(REGEXMATCH($T10, "" ""), LEFT($T10, (FIND("" "", $T10, 1) - 1)), 0)), VALUE(IF(REGEXMATCH($V10, "" ""), LEFT($V10, (FIND("" "", $V10, 1) - 1)), 0)))"),14.0) -> 14 | X10: =$W10*1.25 -> 17.5
A11: 10 | B11: 160118733130 | C11: Kandi Jyoshna | D11: YES | E11: Accolite | F11: 8 LPA | G11: Barclays | H11: 12.73 LPA | I11: Frugal Testing | J11: 5 LPA | K11: Infosys (SE) | L11: 3.6 LPA | M11: Amazon SDE (Internship) | N11: 80k | O11: F5 Inc | P11: 23 LPA | W11: =IFERROR(__xludf.DUMMYFUNCTION("MAX(VALUE(IF(REGEXMATCH($F11, "" ""), LEFT($F11, (FIND("" "", $F11, 1) - 1)), 0)), VALUE(IF(REGEXMATCH($H11, "" ""), LEFT($H11, (FIND("" "", $H11, 1) - 1)), 0)), VALUE(IF(REGEXMATCH($J11, "" ""), LEFT($J11, (FIND("" "", $J11, 1) - 1)), 0)), VALUE(IF(REGEX"&"MATCH($L11, "" ""), LEFT($L11, (FIND("" "", $L11, 1) - 1)), 0)), VALUE(IF(REGEXMATCH($N11, "" ""), LEFT($N11, (FIND("" "", $N11, 1) - 1)), 0)), VALUE(IF(REGEXMATCH($P11, "" ""), LEFT($P11, (FIND("" "", $P11, 1) - 1)), 0)), VALUE(IF(REGEXMATCH($R11, "" "")"&", LEFT($R11, (FIND("" "", $R11, 1) - 1)), 0)), VALUE(IF(REGEXMATCH($T11, "" ""), LEFT($T11, (FIND("" "", $T11, 1) - 1)), 0)), VALUE(IF(REGEXMATCH($V11, "" ""), LEFT($V11, (FIND("" "", $V11, 1) - 1)), 0)))"),23.0) -> 23 | X11: =$W11*1.25 -> 28.75
A12: 11 | B12: 160118733131 | C12: Lahari Madishetty | E12: Barclays | F12: 12.73 LPA | G12: Accenture (ASE) | H12: 4.5 LPA | W12: =IFERROR(__xludf.DUMMYFUNCTION("MAX(VALUE(IF(REGEXMATCH($F12, "" ""), LEFT($F12, (FIND("" "", $F12, 1) - 1)), 0)), VALUE(IF(REGEXMATCH($H12, "" ""), LEFT($H12, (FIND("" "", $H12, 1) - 1)), 0)), VALUE(IF(REGEXMATCH($J12, "" ""), LEFT($J12, (FIND("" "", $J12, 1) - 1)), 0)), VALUE(IF(REGEX"&"MATCH($L12, "" ""), LEFT($L12, (FIND("" "", $L12, 1) - 1)), 0)), VALUE(IF(REGEXMATCH($N12, "" ""), LEFT($N12, (FIND("" "", $N12, 1) - 1)), 0)), VALUE(IF(REGEXMATCH($P12, "" ""), LEFT($P12, (FIND("" "", $P12, 1) - 1)), 0)), VALUE(IF(REGEXMATCH($R12, "" "")"&", LEFT($R12, (FIND("" "", $R12, 1) - 1)), 0)), VALUE(IF(REGEXMATCH($T12, "" ""), LEFT($T12, (FIND("" "", $T12, 1) - 1)), 0)), VALUE(IF(REGEXMATCH($V12, "" ""), LEFT($V12, (FIND("" "", $V12, 1) - 1)), 0)))"),12.73) -> 12.73 | X12: =$W12*1.25 -> 15.9125
A13: 12 | B13: 160118733132 | C13: Likitha dareddy | D13: YES | E13: Wipro | F13: 3.5 LPA | G13: MuSigma | H13: 7.5 LPA | I13: Accenture (internship) | J13: 10k | W13: =IFERROR(__xludf.DUMMYFUNCTION("MAX(VALUE(IF(REGEXMATCH($F13, "" ""), LEFT($F13, (FIND("" "", $F13, 1) - 1)), 0)), VALUE(IF(REGEXMATCH($H13, "" ""), LEFT($H13, (FIND("" "", $H13, 1) - 1)), 0)), VALUE(IF(REGEXMATCH($J13, "" ""), LEFT($J13, (FIND("" "", $J13, 1) - 1)), 0)), VALUE(IF(REGEX"&"MATCH($L13, "" ""), LEFT($L13, (FIND("" "", $L13, 1) - 1)), 0)), VALUE(IF(REGEXMATCH($N13, "" ""), LEFT($N13, (FIND("" "", $N13, 1) - 1)), 0)), VALUE(IF(REGEXMATCH($P13, "" ""), LEFT($P13, (FIND("" "", $P13, 1) - 1)), 0)), VALUE(IF(REGEXMATCH($R13, "" "")"&", LEFT($R13, (FIND("" "", $R13, 1) - 1)), 0)), VALUE(IF(REGEXMATCH($T13, "" ""), LEFT($T13, (FIND("" "", $T13, 1) - 1)), 0)), VALUE(IF(REGEXMATCH($V13, "" ""), LEFT($V13, (FIND("" "", $V13, 1) - 1)), 0)))"),7.5) -> 7.5 | X13: =$W13*1.25 -> 9.375
A14: 13 | B14: 160118733133 | C14: Madhuri Reddy Ravula | D14: YES | E14: Micron (EPS) | F14: 8.1 LPA | G14: Amazon DE (Internship) | H14: 80k | I14: Head Digital Works | J14: 12 LPA | W14: =IFERROR(__xludf.DUMMYFUNCTION("MAX(VALUE(IF(REGEXMATCH($F14, "" ""), LEFT($F14, (FIND("" "", $F14, 1) - 1)), 0)), VALUE(IF(REGEXMATCH($H14, "" ""), LEFT($H14, (FIND("" "", $H14, 1) - 1)), 0)), VALUE(IF(REGEXMATCH($J14, "" ""), LEFT($J14, (FIND("" "", $J14, 1) - 1)), 0)), VALUE(IF(REGEX"&"MATCH($L14, "" ""), LEFT($L14, (FIND("" "", $L14, 1) - 1)), 0)), VALUE(IF(REGEXMATCH($N14, "" ""), LEFT($N14, (FIND("" "", $N14, 1) - 1)), 0)), VALUE(IF(REGEXMATCH($P14, "" ""), LEFT($P14, (FIND("" "", $P14, 1) - 1)), 0)), VALUE(IF(REGEXMATCH($R14, "" "")"&", LEFT($R14, (FIND("" "", $R14, 1) - 1)), 0)), VALUE(IF(REGEXMATCH($T14, "" ""), LEFT($T14, (FIND("" "", $T14, 1) - 1)), 0)), VALUE(IF(REGEXMATCH($V14, "" ""), LEFT($V14, (FIND("" "", $V14, 1) - 1)), 0)))"),12.0) -> 12 | X14: =$W14*1.25 -> 15
A15: 14 | B15: 160118733134 | C15: Reecha Pulichintha | D15: YES | E15: Accolite | F15: 8 LPA | G15: MTX | H15: 10.4 LPA | W15: =IFERROR(__xludf.DUMMYFUNCTION("MAX(VALUE(IF(REGEXMATCH($F15, "" ""), LEFT($F15, (FIND("" "", $F15, 1) - 1)), 0)), VALUE(IF(REGEXMATCH($H15, "" ""), LEFT($H15, (FIND("" "", $H15, 1) - 1)), 0)), VALUE(IF(REGEXMATCH($J15, "" ""), LEFT($J15, (FIND("" "", $J15, 1) - 1)), 0)), VALUE(IF(REGEX"&"MATCH($L15, "" ""), LEFT($L15, (FIND("" "", $L15, 1) - 1)), 0)), VALUE(IF(REGEXMATCH($N15, "" ""), LEFT($N15, (FIND("" "", $N15, 1) - 1)), 0)), VALUE(IF(REGEXMATCH($P15, "" ""), LEFT($P15, (FIND("" "", $P15, 1) - 1)), 0)), VALUE(IF(REGEXMATCH($R15, "" "")"&", LEFT($R15, (FIND("" "", $R15, 1) - 1)), 0)), VALUE(IF(REGEXMATCH($T15, "" ""), LEFT($T15, (FIND("" "", $T15, 1) - 1)), 0)), VALUE(IF(REGEXMATCH($V15, "" ""), LEFT($V15, (FIND("" "", $V15, 1) - 1)), 0)))"),10.4) -> 10.4 | X15: =$W15*1.25 -> 13
A16: 15 | B16: 160118733135 | C16: L.H.Sanjana | E16: Accenture (ASE) | F16: 4.5 LPA | G16: LTI (Level 1) | H16: 5 LPA | W16: =IFERROR(__xludf.DUMMYFUNCTION("MAX(VALUE(IF(REGEXMATCH($F16, "" ""), LEFT($F16, (FIND("" "", $F16, 1) - 1)), 0)), VALUE(IF(REGEXMATCH($H16, "" ""), LEFT($H16, (FIND("" "", $H16, 1) - 1)), 0)), VALUE(IF(REGEXMATCH($J16, "" ""), LEFT($J16, (FIND("" "", $J16, 1) - 1)), 0)), VALUE(IF(REGEX"&"MATCH($L16, "" ""), LEFT($L16, (FIND("" "", $L16, 1) - 1)), 0)), VALUE(IF(REGEXMATCH($N16, "" ""), LEFT($N16, (FIND("" "", $N16, 1) - 1)), 0)), VALUE(IF(REGEXMATCH($P16, "" ""), LEFT($P16, (FIND("" "", $P16, 1) - 1)), 0)), VALUE(IF(REGEXMATCH($R16, "" "")"&", LEFT($R16, (FIND("" "", $R16, 1) - 1)), 0)), VALUE(IF(REGEXMATCH($T16, "" ""), LEFT($T16, (FIND("" "", $T16, 1) - 1)), 0)), VALUE(IF(REGEXMATCH($V16, "" ""), LEFT($V16, (FIND("" "", $V16, 1) - 1)), 0)))"),5.0) -> 5 | X16: =$W16*1.25 -> 6.25
A17: 16 | B17: 160118733136 | C17: K Sanjana Reddy | D17: YES | E17: Cognizant GenC | F17: 4 LPA | W17: =IFERROR(__xludf.DUMMYFUNCTION("MAX(VALUE(IF(REGEXMATCH($F17, "" ""), LEFT($F17, (FIND("" "", $F17, 1) - 1)), 0)), VALUE(IF(REGEXMATCH($H17, "" ""), LEFT($H17, (FIND("" "", $H17, 1) - 1)), 0)), VALUE(IF(REGEXMATCH($J17, "" ""), LEFT($J17, (FIND("" "", $J17, 1) - 1)), 0)), VALUE(IF(REGEX"&"MATCH($L17, "" ""), LEFT($L17, (FIND("" "", $L17, 1) - 1)), 0)), VALUE(IF(REGEXMATCH($N17, "" ""), LEFT($N17, (FIND("" "", $N17, 1) - 1)), 0)), VALUE(IF(REGEXMATCH($P17, "" ""), LEFT($P17, (FIND("" "", $P17, 1) - 1)), 0)), VALUE(IF(REGEXMATCH($R17, "" "")"&", LEFT($R17, (FIND("" "", $R17, 1) - 1)), 0)), VALUE(IF(REGEXMATCH($T17, "" ""), LEFT($T17, (FIND("" "", $T17, 1) - 1)), 0)), VALUE(IF(REGEXMATCH($V17, "" ""), LEFT($V17, (FIND("" "", $V17, 1) - 1)), 0)))"),4.0) -> 4 | X17: =$W17*1.25 -> 5
A18: 17 | B18: 160118733137 | C18: Shreya boinipally | W18: =IFERROR(__xludf.DUMMYFUNCTION("MAX(VALUE(IF(REGEXMATCH($F18, "" ""), LEFT($F18, (FIND("" "", $F18, 1) - 1)), 0)), VALUE(IF(REGEXMATCH($H18, "" ""), LEFT($H18, (FIND("" "", $H18, 1) - 1)), 0)), VALUE(IF(REGEXMATCH($J18, "" ""), LEFT($J18, (FIND("" "", $J18, 1) - 1)), 0)), VALUE(IF(REGEX"&"MATCH($L18, "" ""), LEFT($L18, (FIND("" "", $L18, 1) - 1)), 0)), VALUE(IF(REGEXMATCH($N18, "" ""), LEFT($N18, (FIND("" "", $N18, 1) - 1)), 0)), VALUE(IF(REGEXMATCH($P18, "" ""), LEFT($P18, (FIND("" "", $P18, 1) - 1)), 0)), VALUE(IF(REGEXMATCH($R18, "" "")"&", LEFT($R18, (FIND("" "", $R18, 1) - 1)), 0)), VALUE(IF(REGEXMATCH($T18, "" ""), LEFT($T18, (FIND("" "", $T18, 1) - 1)), 0)), VALUE(IF(REGEXMATCH($V18, "" ""), LEFT($V18, (FIND("" "", $V18, 1) - 1)), 0)))"),0.0) -> 0 | X18: =$W18*1.25 -> 0
A19: 18 | B19: 160118733138 | C19: Slesha Adi | D19: YES | E19: JPMC | F19: 14 LPA | W19: =IFERROR(__xludf.DUMMYFUNCTION("MAX(VALUE(IF(REGEXMATCH($F19, "" ""), LEFT($F19, (FIND("" "", $F19, 1) - 1)), 0)), VALUE(IF(REGEXMATCH($H19, "" ""), LEFT($H19, (FIND("" "", $H19, 1) - 1)), 0)), VALUE(IF(REGEXMATCH($J19, "" ""), LEFT($J19, (FIND("" "", $J19, 1) - 1)), 0)), VALUE(IF(REGEX"&"MATCH($L19, "" ""), LEFT($L19, (FIND("" "", $L19, 1) - 1)), 0)), VALUE(IF(REGEXMATCH($N19, "" ""), LEFT($N19, (FIND("" "", $N19, 1) - 1)), 0)), VALUE(IF(REGEXMATCH($P19, "" ""), LEFT($P19, (FIND("" "", $P19, 1) - 1)), 0)), VALUE(IF(REGEXMATCH($R19, "" "")"&", LEFT($R19, (FIND("" "", $R19, 1) - 1)), 0)), VALUE(IF(REGEXMATCH($T19, "" ""), LEFT($T19, (FIND("" "", $T19, 1) - 1)), 0)), VALUE(IF(REGEXMATCH($V19, "" ""), LEFT($V19, (FIND("" "", $V19, 1) - 1)), 0)))"),14.0) -> 14 | X19: =$W19*1.25 -> 17.5
A20: 19 | B20: 160118733139 | C20: Snigdha Reddy Suram | D20: YES | E20: Micron (ETD) | F20: 8.1 LPA | G20: Infosys (SE) | H20: 3.6 LPA | W20: =IFERROR(__xludf.DUMMYFUNCTION("MAX(VALUE(IF(REGEXMATCH($F20, "" ""), LEFT($F20, (FIND("" "", $F20, 1) - 1)), 0)), VALUE(IF(REGEXMATCH($H20, "" ""), LEFT($H20, (FIND("" "", $H20, 1) - 1)), 0)), VALUE(IF(REGEXMATCH($J20, "" ""), LEFT($J20, (FIND("" "", $J20, 1) - 1)), 0)), VALUE(IF(REGEX"&"MATCH($L20, "" ""), LEFT($L20, (FIND("" "", $L20, 1) - 1)), 0)), VALUE(IF(REGEXMATCH($N20, "" ""), LEFT($N20, (FIND("" "", $N20, 1) - 1)), 0)), VALUE(IF(REGEXMATCH($P20, "" ""), LEFT($P20, (FIND("" "", $P20, 1) - 1)), 0)), VALUE(IF(REGEXMATCH($R20, "" "")"&", LEFT($R20, (FIND("" "", $R20, 1) - 1)), 0)), VALUE(IF(REGEXMATCH($T20, "" ""), LEFT($T20, (FIND("" "", $T20, 1) - 1)), 0)), VALUE(IF(REGEXMATCH($V20, "" ""), LEFT($V20, (FIND("" "", $V20, 1) - 1)), 0)))"),8.1) -> 8.1 | X20: =$W20*1.25 -> 10.125
A21: 20 | B21: 160118733140 | C21: Gaddam Soumya Reddy | E21: Modak Analytics | F21: 6 LPA | G21: Accenture (ASE) | H21: 4.5 LPA | I21: LTI (Level 1) | J21: 5 LPA | K21: Wipro | L21: 3.5 LPA | W21: =IFERROR(__xludf.DUMMYFUNCTION("MAX(VALUE(IF(REGEXMATCH($F21, "" ""), LEFT($F21, (FIND("" "", $F21, 1) - 1)), 0)), VALUE(IF(REGEXMATCH($H21, "" ""), LEFT($H21, (FIND("" "", $H21, 1) - 1)), 0)), VALUE(IF(REGEXMATCH($J21, "" ""), LEFT($J21, (FIND("" "", $J21, 1) - 1)), 0)), VALUE(IF(REGEX"&"MATCH($L21, "" ""), LEFT($L21, (FIND("" "", $L21, 1) - 1)), 0)), VALUE(IF(REGEXMATCH($N21, "" ""), LEFT($N21, (FIND("" "", $N21, 1) - 1)), 0)), VALUE(IF(REGEXMATCH($P21, "" ""), LEFT($P21, (FIND("" "", $P21, 1) - 1)), 0)), VALUE(IF(REGEXMATCH($R21, "" "")"&", LEFT($R21, (FIND("" "", $R21, 1) - 1)), 0)), VALUE(IF(REGEXMATCH($T21, "" ""), LEFT($T21, (FIND("" "", $T21, 1) - 1)), 0)), VALUE(IF(REGEXMATCH($V21, "" ""), LEFT($V21, (FIND("" "", $V21, 1) - 1)), 0)))"),6.0) -> 6 | X21: =$W21*1.25 -> 7.5
A22: 21 | B22: 160118733141 | C22: Sudeepthi Telugu | D22: YES | E22: Accenture (ASE) | F22: 4.5 LPA | G22: Capgemini (Analyst) | H22: 4 LPA | I22: Wipro | J22: 3.5 LPA | W22: =IFERROR(__xludf.DUMMYFUNCTION("MAX(VALUE(IF(REGEXMATCH($F22, "" ""), LEFT($F22, (FIND("" "", $F22, 1) - 1)), 0)), VALUE(IF(REGEXMATCH($H22, "" ""), LEFT($H22, (FIND("" "", $H22, 1) - 1)), 0)), VALUE(IF(REGEXMATCH($J22, "" ""), LEFT($J22, (FIND("" "", $J22, 1) - 1)), 0)), VALUE(IF(REGEX"&"MATCH($L22, "" ""), LEFT($L22, (FIND("" "", $L22, 1) - 1)), 0)), VALUE(IF(REGEXMATCH($N22, "" ""), LEFT($N22, (FIND("" "", $N22, 1) - 1)), 0)), VALUE(IF(REGEXMATCH($P22, "" ""), LEFT($P22, (FIND("" "", $P22, 1) - 1)), 0)), VALUE(IF(REGEXMATCH($R22, "" "")"&", LEFT($R22, (FIND("" "", $R22, 1) - 1)), 0)), VALUE(IF(REGEXMATCH($T22, "" ""), LEFT($T22, (FIND("" "", $T22, 1) - 1)), 0)), VALUE(IF(REGEXMATCH($V22, "" ""), LEFT($V22, (FIND("" "", $V22, 1) - 1)), 0)))"),4.5) -> 4.5 | X22: =$W22*1.25 -> 5.625
A23: 22 | B23: 160118733142 | C23: R Sumalatha | E23: Accenture (ASE) | F23: 4.5 LPA | G23: LTI (Level 2) | H23: 6.5 LPA | I23: Wipro | J23: 3.5 LPA | W23: =IFERROR(__xludf.DUMMYFUNCTION("MAX(VALUE(IF(REGEXMATCH($F23, "" ""), LEFT($F23, (FIND("" "", $F23, 1) - 1)), 0)), VALUE(IF(REGEXMATCH($H23, "" ""), LEFT($H23, (FIND("" "", $H23, 1) - 1)), 0)), VALUE(IF(REGEXMATCH($J23, "" ""), LEFT($J23, (FIND("" "", $J23, 1) - 1)), 0)), VALUE(IF(REGEX"&"MATCH($L23, "" ""), LEFT($L23, (FIND("" "", $L23, 1) - 1)), 0)), VALUE(IF(REGEXMATCH($N23, "" ""), LEFT($N23, (FIND("" "", $N23, 1) - 1)), 0)), VALUE(IF(REGEXMATCH($P23, "" ""), LEFT($P23, (FIND("" "", $P23, 1) - 1)), 0)), VALUE(IF(REGEXMATCH($R23, "" "")"&", LEFT($R23, (FIND("" "", $R23, 1) - 1)), 0)), VALUE(IF(REGEXMATCH($T23, "" ""), LEFT($T23, (FIND("" "", $T23, 1) - 1)), 0)), VALUE(IF(REGEXMATCH($V23, "" ""), LEFT($V23, (FIND("" "", $V23, 1) - 1)), 0)))"),6.5) -> 6.5 | X23: =$W23*1.25 -> 8.125
A24: 23 | B24: 160118733143 | C24: Yasaswini Ummadi | D24: YES | E24: JPMC (PPO) | F24: 14 LPA | W24: =IFERROR(__xludf.DUMMYFUNCTION("MAX(VALUE(IF(REGEXMATCH($F24, "" ""), LEFT($F24, (FIND("" "", $F24, 1) - 1)), 0)), VALUE(IF(REGEXMATCH($H24, "" ""), LEFT($H24, (FIND("" "", $H24, 1) - 1)), 0)), VALUE(IF(REGEXMATCH($J24, "" ""), LEFT($J24, (FIND("" "", $J24, 1) - 1)), 0)), VALUE(IF(REGEX"&"MATCH($L24, "" ""), LEFT($L24, (FIND("" "", $L24, 1) - 1)), 0)), VALUE(IF(REGEXMATCH($N24, "" ""), LEFT($N24, (FIND("" "", $N24, 1) - 1)), 0)), VALUE(IF(REGEXMATCH($P24, "" ""), LEFT($P24, (FIND("" "", $P24, 1) - 1)), 0)), VALUE(IF(REGEXMATCH($R24, "" "")"&", LEFT($R24, (FIND("" "", $R24, 1) - 1)), 0)), VALUE(IF(REGEXMATCH($T24, "" ""), LEFT($T24, (FIND("" "", $T24, 1) - 1)), 0)), VALUE(IF(REGEXMATCH($V24, "" ""), LEFT($V24, (FIND("" "", $V24, 1) - 1)), 0)))"),14.0) -> 14 | X24: =$W24*1.25 -> 17.5
A25: 24 | B25: 160118733144 | C25: P Ahmed Asrar Hussain | D25: YES | E25: Accenture (Adv ASE) | F25: 6.5 LPA | G25: LTI (Level 2) | H25: 6.5 LPA | I25: Cognizant GenC Elevate | J25: 4 LPA | K25: Advance Auto Parts | L25: 9 LPA | W25: =IFERROR(__xludf.DUMMYFUNCTION("MAX(VALUE(IF(REGEXMATCH($F25, "" ""), LEFT($F25, (FIND("" "", $F25, 1) - 1)), 0)), VALUE(IF(REGEXMATCH($H25, "" ""), LEFT($H25, (FIND("" "", $H25, 1) - 1)), 0)), VALUE(IF(REGEXMATCH($J25, "" ""), LEFT($J25, (FIND("" "", $J25, 1) - 1)), 0)), VALUE(IF(REGEX"&"MATCH($L25, "" ""), LEFT($L25, (FIND("" "", $L25, 1) - 1)), 0)), VALUE(IF(REGEXMATCH($N25, "" ""), LEFT($N25, (FIND("" "", $N25, 1) - 1)), 0)), VALUE(IF(REGEXMATCH($P25, "" ""), LEFT($P25, (FIND("" "", $P25, 1) - 1)), 0)), VALUE(IF(REGEXMATCH($R25, "" "")"&", LEFT($R25, (FIND("" "", $R25, 1) - 1)), 0)), VALUE(IF(REGEXMATCH($T25, "" ""), LEFT($T25, (FIND("" "", $T25, 1) - 1)), 0)), VALUE(IF(REGEXMATCH($V25, "" ""), LEFT($V25, (FIND("" "", $V25, 1) - 1)), 0)))"),9.0) -> 9 | X25: =$W25*1.25 -> 11.25
A26: 25 | B26: 160118733145 | C26: Pandu Akshay | D26: YES | E26: JPMC | F26: 14 LPA | G26: Infosys (DSE) | H26: 6.25 LPA | W26: =IFERROR(__xludf.DUMMYFUNCTION("MAX(VALUE(IF(REGEXMATCH($F26, "" ""), LEFT($F26, (FIND("" "", $F26, 1) - 1)), 0)), VALUE(IF(REGEXMATCH($H26, "" ""), LEFT($H26, (FIND("" "", $H26, 1) - 1)), 0)), VALUE(IF(REGEXMATCH($J26, "" ""), LEFT($J26, (FIND("" "", $J26, 1) - 1)), 0)), VALUE(IF(REGEX"&"MATCH($L26, "" ""), LEFT($L26, (FIND("" "", $L26, 1) - 1)), 0)), VALUE(IF(REGEXMATCH($N26, "" ""), LEFT($N26, (FIND("" "", $N26, 1) - 1)), 0)), VALUE(IF(REGEXMATCH($P26, "" ""), LEFT($P26, (FIND("" "", $P26, 1) - 1)), 0)), VALUE(IF(REGEXMATCH($R26, "" "")"&", LEFT($R26, (FIND("" "", $R26, 1) - 1)), 0)), VALUE(IF(REGEXMATCH($T26, "" ""), LEFT($T26, (FIND("" "", $T26, 1) - 1)), 0)), VALUE(IF(REGEXMATCH($V26, "" ""), LEFT($V26, (FIND("" "", $V26, 1) - 1)), 0)))"),14.0) -> 14 | X26: =$W26*1.25 -> 17.5
A27: 26 | B27: 160118733146 | C27: Anirudh Revalli | D27: YES | E27: JPMC | F27: 14 LPA | W27: =IFERROR(__xludf.DUMMYFUNCTION("MAX(VALUE(IF(REGEXMATCH($F27, "" ""), LEFT($F27, (FIND("" "", $F27, 1) - 1)), 0)), VALUE(IF(REGEXMATCH($H27, "" ""), LEFT($H27, (FIND("" "", $H27, 1) - 1)), 0)), VALUE(IF(REGEXMATCH($J27, "" ""), LEFT($J27, (FIND("" "", $J27, 1) - 1)), 0)), VALUE(IF(REGEX"&"MATCH($L27, "" ""), LEFT($L27, (FIND("" "", $L27, 1) - 1)), 0)), VALUE(IF(REGEXMATCH($N27, "" ""), LEFT($N27, (FIND("" "", $N27, 1) - 1)), 0)), VALUE(IF(REGEXMATCH($P27, "" ""), LEFT($P27, (FIND("" "", $P27, 1) - 1)), 0)), VALUE(IF(REGEXMATCH($R27, "" "")"&", LEFT($R27, (FIND("" "", $R27, 1) - 1)), 0)), VALUE(IF(REGEXMATCH($T27, "" ""), LEFT($T27, (FIND("" "", $T27, 1) - 1)), 0)), VALUE(IF(REGEXMATCH($V27, "" ""), LEFT($V27, (FIND("" "", $V27, 1) - 1)), 0)))"),14.0) -> 14 | X27: =$W27*1.25 -> 17.5
A28: 27 | B28: 160118733147 | C28: Aryaman rao nagineni | W28: =IFERROR(__xludf.DUMMYFUNCTION("MAX(VALUE(IF(REGEXMATCH($F28, "" ""), LEFT($F28, (FIND("" "", $F28, 1) - 1)), 0)), VALUE(IF(REGEXMATCH($H28, "" ""), LEFT($H28, (FIND("" "", $H28, 1) - 1)), 0)), VALUE(IF(REGEXMATCH($J28, "" ""), LEFT($J28, (FIND("" "", $J28, 1) - 1)), 0)), VALUE(IF(REGEX"&"MATCH($L28, "" ""), LEFT($L28, (FIND("" "", $L28, 1) - 1)), 0)), VALUE(IF(REGEXMATCH($N28, "" ""), LEFT($N28, (FIND("" "", $N28, 1) - 1)), 0)), VALUE(IF(REGEXMATCH($P28, "" ""), LEFT($P28, (FIND("" "", $P28, 1) - 1)), 0)), VALUE(IF(REGEXMATCH($R28, "" "")"&", LEFT($R28, (FIND("" "", $R28, 1) - 1)), 0)), VALUE(IF(REGEXMATCH($T28, "" ""), LEFT($T28, (FIND("" "", $T28, 1) - 1)), 0)), VALUE(IF(REGEXMATCH($V28, "" ""), LEFT($V28, (FIND("" "", $V28, 1) - 1)), 0)))"),0.0) -> 0 | X28: =$W28*1.25 -> 0
A29: 28 | B29: 160118733148 | C29: Barnaboss Puli | D29: YES | E29: Keka | F29: 7 LPA | W29: =IFERROR(__xludf.DUMMYFUNCTION("MAX(VALUE(IF(REGEXMATCH($F29, "" ""), LEFT($F29, (FIND("" "", $F29, 1) - 1)), 0)), VALUE(IF(REGEXMATCH($H29, "" ""), LEFT($H29, (FIND("" "", $H29, 1) - 1)), 0)), VALUE(IF(REGEXMATCH($J29, "" ""), LEFT($J29, (FIND("" "", $J29, 1) - 1)), 0)), VALUE(IF(REGEX"&"MATCH($L29, "" ""), LEFT($L29, (FIND("" "", $L29, 1) - 1)), 0)), VALUE(IF(REGEXMATCH($N29, "" ""), LEFT($N29, (FIND("" "", $N29, 1) - 1)), 0)), VALUE(IF(REGEXMATCH($P29, "" ""), LEFT($P29, (FIND("" "", $P29, 1) - 1)), 0)), VALUE(IF(REGEXMATCH($R29, "" "")"&", LEFT($R29, (FIND("" "", $R29, 1) - 1)), 0)), VALUE(IF(REGEXMATCH($T29, "" ""), LEFT($T29, (FIND("" "", $T29, 1) - 1)), 0)), VALUE(IF(REGEXMATCH($V29, "" ""), LEFT($V29, (FIND("" "", $V29, 1) - 1)), 0)))"),7.0) -> 7 | X29: =$W29*1.25 -> 8.75
A30: 29 | B30: 160118733149 | C30: Bharath Reddy Shyamala | D30: YES | E30: Accenture (ASE) | F30: 4.5 LPA | G30: LTI (Level 1) | H30: 5 LPA | I30: Cognizant GenC | J30: 4 LPA | K30: Capgemini (Analyst) | L30: 4 LPA | M30: Next Education | N30: 6 LPA | O30: Wipro | P30: 3.5 LPA | Q30: Advance Auto Parts | R30: 9 LPA | S30: PegaSystems | T30: 16 LPA | W30: =IFERROR(__xludf.DUMMYFUNCTION("MAX(VALUE(IF(REGEXMATCH($F30, "" ""), LEFT($F30, (FIND("" "", $F30, 1) - 1)), 0)), VALUE(IF(REGEXMATCH($H30, "" ""), LEFT($H30, (FIND("" "", $H30, 1) - 1)), 0)), VALUE(IF(REGEXMATCH($J30, "" ""), LEFT($J30, (FIND("" "", $J30, 1) - 1)), 0)), VALUE(IF(REGEX"&"MATCH($L30, "" ""), LEFT($L30, (FIND("" "", $L30, 1) - 1)), 0)), VALUE(IF(REGEXMATCH($N30, "" ""), LEFT($N30, (FIND("" "", $N30, 1) - 1)), 0)), VALUE(IF(REGEXMATCH($P30, "" ""), LEFT($P30, (FIND("" "", $P30, 1) - 1)), 0)), VALUE(IF(REGEXMATCH($R30, "" "")"&", LEFT($R30, (FIND("" "", $R30, 1) - 1)), 0)), VALUE(IF(REGEXMATCH($T30, "" ""), LEFT($T30, (FIND("" "", $T30, 1) - 1)), 0)), VALUE(IF(REGEXMATCH($V30, "" ""), LEFT($V30, (FIND("" "", $V30, 1) - 1)), 0)))"),16.0) -> 16 | X30: =$W30*1.25 -> 20
A31: 31 | B31: 160118733151 | C31: Dharam teja mali | D31: YES | E31: BlueYonder | F31: 35k/m | W31: =IFERROR(__xludf.DUMMYFUNCTION("MAX(VALUE(IF(REGEXMATCH($F31, "" ""), LEFT($F31, (FIND("" "", $F31, 1) - 1)), 0)), VALUE(IF(REGEXMATCH($H31, "" ""), LEFT($H31, (FIND("" "", $H31, 1) - 1)), 0)), VALUE(IF(REGEXMATCH($J31, "" ""), LEFT($J31, (FIND("" "", $J31, 1) - 1)), 0)), VALUE(IF(REGEX"&"MATCH($L31, "" ""), LEFT($L31, (FIND("" "", $L31, 1) - 1)), 0)), VALUE(IF(REGEXMATCH($N31, "" ""), LEFT($N31, (FIND("" "", $N31, 1) - 1)), 0)), VALUE(IF(REGEXMATCH($P31, "" ""), LEFT($P31, (FIND("" "", $P31, 1) - 1)), 0)), VALUE(IF(REGEXMATCH($R31, "" "")"&", LEFT($R31, (FIND("" "", $R31, 1) - 1)), 0)), VALUE(IF(REGEXMATCH($T31, "" ""), LEFT($T31, (FIND("" "", $T31, 1) - 1)), 0)), VALUE(IF(REGEXMATCH($V31, "" ""), LEFT($V31, (FIND("" "", $V31, 1) - 1)), 0)))"),0.0) -> 0 | X31: =$W31*1.25 -> 0
A32: 32 | B32: 160118733152 | C32: Hari Remella | W32: =IFERROR(__xludf.DUMMYFUNCTION("MAX(VALUE(IF(REGEXMATCH($F32, "" ""), LEFT($F32, (FIND("" "", $F32, 1) - 1)), 0)), VALUE(IF(REGEXMATCH($H32, "" ""), LEFT($H32, (FIND("" "", $H32, 1) - 1)), 0)), VALUE(IF(REGEXMATCH($J32, "" ""), LEFT($J32, (FIND("" "", $J32, 1) - 1)), 0)), VALUE(IF(REGEX"&"MATCH($L32, "" ""), LEFT($L32, (FIND("" "", $L32, 1) - 1)), 0)), VALUE(IF(REGEXMATCH($N32, "" ""), LEFT($N32, (FIND("" "", $N32, 1) - 1)), 0)), VALUE(IF(REGEXMATCH($P32, "" ""), LEFT($P32, (FIND("" "", $P32, 1) - 1)), 0)), VALUE(IF(REGEXMATCH($R32, "" "")"&", LEFT($R32, (FIND("" "", $R32, 1) - 1)), 0)), VALUE(IF(REGEXMATCH($T32, "" ""), LEFT($T32, (FIND("" "", $T32, 1) - 1)), 0)), VALUE(IF(REGEXMATCH($V32, "" ""), LEFT($V32, (FIND("" "", $V32, 1) - 1)), 0)))"),0.0) -> 0 | X32: =$W32*1.25 -> 0
A33: 33 | B33: 160118733153 | C33: Kakkireni Hrithik Pawan | D33: YES | E33: Cognizant GenC Elevate | F33: 4 LPA | G33: LTI (Level 3) | H33: 8 LPA | I33: Infosys (DSE) | J33: 6.25 LPA | K33: Collins Aerospace (Internship) | L33: 6.25 LPA | M33: Darwin Box (Internship) | N33: 25K | O33: MTX | P33: 10.4 LPA | W33: =IFERROR(__xludf.DUMMYFUNCTION("MAX(VALUE(IF(REGEXMATCH($F33, "" ""), LEFT($F33, (FIND("" "", $F33, 1) - 1)), 0)), VALUE(IF(REGEXMATCH($H33, "" ""), LEFT($H33, (FIND("" "", $H33, 1) - 1)), 0)), VALUE(IF(REGEXMATCH($J33, "" ""), LEFT($J33, (FIND("" "", $J33, 1) - 1)), 0)), VALUE(IF(REGEX"&"MATCH($L33, "" ""), LEFT($L33, (FIND("" "", $L33, 1) - 1)), 0)), VALUE(IF(REGEXMATCH($N33, "" ""), LEFT($N33, (FIND("" "", $N33, 1) - 1)), 0)), VALUE(IF(REGEXMATCH($P33, "" ""), LEFT($P33, (FIND("" "", $P33, 1) - 1)), 0)), VALUE(IF(REGEXMATCH($R33, "" "")"&", LEFT($R33, (FIND("" "", $R33, 1) - 1)), 0)), VALUE(IF(REGEXMATCH($T33, "" ""), LEFT($T33, (FIND("" "", $T33, 1) - 1)), 0)), VALUE(IF(REGEXMATCH($V33, "" ""), LEFT($V33, (FIND("" "", $V33, 1) - 1)), 0)))"),10.4) -> 10.4 | X33: =$W33*1.25 -> 13
A34: 34 | B34: 160118733154 | C34: Mohammed Ilyas Khan | E34: Infosys (DSE) | F34: 6.25 LPA | G34: LTI (Level 1) | H34: 5 LPA | I34: Wipro | J34: 3.5 LPA | W34: =IFERROR(__xludf.DUMMYFUNCTION("MAX(VALUE(IF(REGEXMATCH($F34, "" ""), LEFT($F34, (FIND("" "", $F34, 1) - 1)), 0)), VALUE(IF(REGEXMATCH($H34, "" ""), LEFT($H34, (FIND("" "", $H34, 1) - 1)), 0)), VALUE(IF(REGEXMATCH($J34, "" ""), LEFT($J34, (FIND("" "", $J34, 1) - 1)), 0)), VALUE(IF(REGEX"&"MATCH($L34, "" ""), LEFT($L34, (FIND("" "", $L34, 1) - 1)), 0)), VALUE(IF(REGEXMATCH($N34, "" ""), LEFT($N34, (FIND("" "", $N34, 1) - 1)), 0)), VALUE(IF(REGEXMATCH($P34, "" ""), LEFT($P34, (FIND("" "", $P34, 1) - 1)), 0)), VALUE(IF(REGEXMATCH($R34, "" "")"&", LEFT($R34, (FIND("" "", $R34, 1) - 1)), 0)), VALUE(IF(REGEXMATCH($T34, "" ""), LEFT($T34, (FIND("" "", $T34, 1) - 1)), 0)), VALUE(IF(REGEXMATCH($V34, "" ""), LEFT($V34, (FIND("" "", $V34, 1) - 1)), 0)))"),6.25) -> 6.25 | X34: =$W34*1.25 -> 7.8125
A35: 35 | B35: 160118733155 | C35: Eslavath keshav nayak | D35: YES | E35: LTI (Level 1) | F35: 5 LPA | G35: Capgemini (Analyst) | H35: 4 LPA | I35: TCS | J35: 3.8 LPA | K35: DBS | L35: 8.5 LPA | W35: =IFERROR(__xludf.DUMMYFUNCTION("MAX(VALUE(IF(REGEXMATCH($F35, "" ""), LEFT($F35, (FIND("" "", $F35, 1) - 1)), 0)), VALUE(IF(REGEXMATCH($H35, "" ""), LEFT($H35, (FIND("" "", $H35, 1) - 1)), 0)), VALUE(IF(REGEXMATCH($J35, "" ""), LEFT($J35, (FIND("" "", $J35, 1) - 1)), 0)), VALUE(IF(REGEX"&"MATCH($L35, "" ""), LEFT($L35, (FIND("" "", $L35, 1) - 1)), 0)), VALUE(IF(REGEXMATCH($N35, "" ""), LEFT($N35, (FIND("" "", $N35, 1) - 1)), 0)), VALUE(IF(REGEXMATCH($P35, "" ""), LEFT($P35, (FIND("" "", $P35, 1) - 1)), 0)), VALUE(IF(REGEXMATCH($R35, "" "")"&", LEFT($R35, (FIND("" "", $R35, 1) - 1)), 0)), VALUE(IF(REGEXMATCH($T35, "" ""), LEFT($T35, (FIND("" "", $T35, 1) - 1)), 0)), VALUE(IF(REGEXMATCH($V35, "" ""), LEFT($V35, (FIND("" "", $V35, 1) - 1)), 0)))"),8.5) -> 8.5 | X35: =$W35*1.25 -> 10.625
A36: 37 | B36: 160118733157 | C36: Rechintala Likhith Reddy | D36: YES | E36: Oracle (GBU) | F36: 16.64 LPA | W36: =IFERROR(__xludf.DUMMYFUNCTION("MAX(VALUE(IF(REGEXMATCH($F36, "" ""), LEFT($F36, (FIND("" "", $F36, 1) - 1)), 0)), VALUE(IF(REGEXMATCH($H36, "" ""), LEFT($H36, (FIND("" "", $H36, 1) - 1)), 0)), VALUE(IF(REGEXMATCH($J36, "" ""), LEFT($J36, (FIND("" "", $J36, 1) - 1)), 0)), VALUE(IF(REGEX"&"MATCH($L36, "" ""), LEFT($L36, (FIND("" "", $L36, 1) - 1)), 0)), VALUE(IF(REGEXMATCH($N36, "" ""), LEFT($N36, (FIND("" "", $N36, 1) - 1)), 0)), VALUE(IF(REGEXMATCH($P36, "" ""), LEFT($P36, (FIND("" "", $P36, 1) - 1)), 0)), VALUE(IF(REGEXMATCH($R36, "" "")"&", LEFT($R36, (FIND("" "", $R36, 1) - 1)), 0)), VALUE(IF(REGEXMATCH($T36, "" ""), LEFT($T36, (FIND("" "", $T36, 1) - 1)), 0)), VALUE(IF(REGEXMATCH($V36, "" ""), LEFT($V36, (FIND("" "", $V36, 1) - 1)), 0)))"),16.64) -> 16.64 | X36: =$W36*1.25 -> 20.8
A37: 38 | B37: 160118733158 | C37: Mustafa Shanawaz Mohammed | W37: =IFERROR(__xludf.DUMMYFUNCTION("MAX(VALUE(IF(REGEXMATCH($F37, "" ""), LEFT($F37, (FIND("" "", $F37, 1) - 1)), 0)), VALUE(IF(REGEXMATCH($H37, "" ""), LEFT($H37, (FIND("" "", $H37, 1) - 1)), 0)), VALUE(IF(REGEXMATCH($J37, "" ""), LEFT($J37, (FIND("" "", $J37, 1) - 1)), 0)), VALUE(IF(REGEX"&"MATCH($L37, "" ""), LEFT($L37, (FIND("" "", $L37, 1) - 1)), 0)), VALUE(IF(REGEXMATCH($N37, "" ""), LEFT($N37, (FIND("" "", $N37, 1) - 1)), 0)), VALUE(IF(REGEXMATCH($P37, "" ""), LEFT($P37, (FIND("" "", $P37, 1) - 1)), 0)), VALUE(IF(REGEXMATCH($R37, "" "")"&", LEFT($R37, (FIND("" "", $R37, 1) - 1)), 0)), VALUE(IF(REGEXMATCH($T37, "" ""), LEFT($T37, (FIND("" "", $T37, 1) - 1)), 0)), VALUE(IF(REGEXMATCH($V37, "" ""), LEFT($V37, (FIND("" "", $V37, 1) - 1)), 0)))"),0.0) -> 0 | X37: =$W37*1.25 -> 0
A38: 39 | B38: 160118733159 | C38: VAYUVEGULA NAGA VENKATESH SRIPAD | D38: YES | E38: Accenture (Adv ASE) | F38: 6.5 LPA | G38: Cognizant GenC | H38: 4 LPA | I38: Model N | J38: 8 LPA | W38: =IFERROR(__xludf.DUMMYFUNCTION("MAX(VALUE(IF(REGEXMATCH($F38, "" ""), LEFT($F38, (FIND("" "", $F38, 1) - 1)), 0)), VALUE(IF(REGEXMATCH($H38, "" ""), LEFT($H38, (FIND("" "", $H38, 1) - 1)), 0)), VALUE(IF(REGEXMATCH($J38, "" ""), LEFT($J38, (FIND("" "", $J38, 1) - 1)), 0)), VALUE(IF(REGEX"&"MATCH($L38, "" ""), LEFT($L38, (FIND("" "", $L38, 1) - 1)), 0)), VALUE(IF(REGEXMATCH($N38, "" ""), LEFT($N38, (FIND("" "", $N38, 1) - 1)), 0)), VALUE(IF(REGEXMATCH($P38, "" ""), LEFT($P38, (FIND("" "", $P38, 1) - 1)), 0)), VALUE(IF(REGEXMATCH($R38, "" "")"&", LEFT($R38, (FIND("" "", $R38, 1) - 1)), 0)), VALUE(IF(REGEXMATCH($T38, "" ""), LEFT($T38, (FIND("" "", $T38, 1) - 1)), 0)), VALUE(IF(REGEXMATCH($V38, "" ""), LEFT($V38, (FIND("" "", $V38, 1) - 1)), 0)))"),8.0) -> 8 | X38: =$W38*1.25 -> 10
A39: 40 | B39: 160118733160 | C39: Bejjam Naveen Kumar | D39: YES | E39: Modak Analytics | F39: 6 LPA | G39: LTI (Level 1) | H39: 5 LPA | I39: TCS | J39: 3.8 LPA | K39: MuSigma | L39: 7.5 LPA | M39: Loyalty Juggernaut Inc | N39: 7 LPA | W39: =IFERROR(__xludf.DUMMYFUNCTION("MAX(VALUE(IF(REGEXMATCH($F39, "" ""), LEFT($F39, (FIND("" "", $F39, 1) - 1)), 0)), VALUE(IF(REGEXMATCH($H39, "" ""), LEFT($H39, (FIND("" "", $H39, 1) - 1)), 0)), VALUE(IF(REGEXMATCH($J39, "" ""), LEFT($J39, (FIND("" "", $J39, 1) - 1)), 0)), VALUE(IF(REGEX"&"MATCH($L39, "" ""), LEFT($L39, (FIND("" "", $L39, 1) - 1)), 0)), VALUE(IF(REGEXMATCH($N39, "" ""), LEFT($N39, (FIND("" "", $N39, 1) - 1)), 0)), VALUE(IF(REGEXMATCH($P39, "" ""), LEFT($P39, (FIND("" "", $P39, 1) - 1)), 0)), VALUE(IF(REGEXMATCH($R39, "" "")"&", LEFT($R39, (FIND("" "", $R39, 1) - 1)), 0)), VALUE(IF(REGEXMATCH($T39, "" ""), LEFT($T39, (FIND("" "", $T39, 1) - 1)), 0)), VALUE(IF(REGEXMATCH($V39, "" ""), LEFT($V39, (FIND("" "", $V39, 1) - 1)), 0)))"),7.5) -> 7.5 | X39: =$W39*1.25 -> 9.375
A40: 41 | B40: 160118733161 | C40: Barkam Pavan kumar | E40: LTTS | F40: 4.5 LPA | W40: =IFERROR(__xludf.DUMMYFUNCTION("MAX(VALUE(IF(REGEXMATCH($F40, "" ""), LEFT($F40, (FIND("" "", $F40, 1) - 1)), 0)), VALUE(IF(REGEXMATCH($H40, "" ""), LEFT($H40, (FIND("" "", $H40, 1) - 1)), 0)), VALUE(IF(REGEXMATCH($J40, "" ""), LEFT($J40, (FIND("" "", $J40, 1) - 1)), 0)), VALUE(IF(REGEX"&"MATCH($L40, "" ""), LEFT($L40, (FIND("" "", $L40, 1) - 1)), 0)), VALUE(IF(REGEXMATCH($N40, "" ""), LEFT($N40, (FIND("" "", $N40, 1) - 1)), 0)), VALUE(IF(REGEXMATCH($P40, "" ""), LEFT($P40, (FIND("" "", $P40, 1) - 1)), 0)), VALUE(IF(REGEXMATCH($R40, "" "")"&", LEFT($R40, (FIND("" "", $R40, 1) - 1)), 0)), VALUE(IF(REGEXMATCH($T40, "" ""), LEFT($T40, (FIND("" "", $T40, 1) - 1)), 0)), VALUE(IF(REGEXMATCH($V40, "" ""), LEFT($V40, (FIND("" "", $V40, 1) - 1)), 0)))"),4.5) -> 4.5 | X40: =$W40*1.25 -> 5.625
A41: 42 | B41: 160118733162 | C41: Rayella Pavan Kumar | D41: YES | E41: LTI (Level 1) | F41: 5 LPA | G41: Cognizant GenC Elevate | H41: 4 LPA | I41: Wipro | J41: 3.5 LPA | K41: Darwin Box (Internship) | L41: 25K | W41: =IFERROR(__xludf.DUMMYFUNCTION("MAX(VALUE(IF(REGEXMATCH($F41, "" ""), LEFT($F41, (FIND("" "", $F41, 1) - 1)), 0)), VALUE(IF(REGEXMATCH($H41, "" ""), LEFT($H41, (FIND("" "", $H41, 1) - 1)), 0)), VALUE(IF(REGEXMATCH($J41, "" ""), LEFT($J41, (FIND("" "", $J41, 1) - 1)), 0)), VALUE(IF(REGEX"&"MATCH($L41, "" ""), LEFT($L41, (FIND("" "", $L41, 1) - 1)), 0)), VALUE(IF(REGEXMATCH($N41, "" ""), LEFT($N41, (FIND("" "", $N41, 1) - 1)), 0)), VALUE(IF(REGEXMATCH($P41, "" ""), LEFT($P41, (FIND("" "", $P41, 1) - 1)), 0)), VALUE(IF(REGEXMATCH($R41, "" "")"&", LEFT($R41, (FIND("" "", $R41, 1) - 1)), 0)), VALUE(IF(REGEXMATCH($T41, "" ""), LEFT($T41, (FIND("" "", $T41, 1) - 1)), 0)), VALUE(IF(REGEXMATCH($V41, "" ""), LEFT($V41, (FIND("" "", $V41, 1) - 1)), 0)))"),5.0) -> 5 | X41: =$W41*1.25 -> 6.25
A42: 43 | B42: 160118733163 | C42: Pittala Rahul | D42: YES | E42: Capgemini (Sr.Analyst) | F42: 7.5 LPA | G42: Accenture (ASE) | H42: 4.5 LPA | I42: LTI (Level 1) | J42: 5 LPA | K42: Wipro | L42: 3.5 LPA | M42: MTX | N42: 10.4 LPA | W42: =IFERROR(__xludf.DUMMYFUNCTION("MAX(VALUE(IF(REGEXMATCH($F42, "" ""), LEFT($F42, (FIND("" "", $F42, 1) - 1)), 0)), VALUE(IF(REGEXMATCH($H42, "" ""), LEFT($H42, (FIND("" "", $H42, 1) - 1)), 0)), VALUE(IF(REGEXMATCH($J42, "" ""), LEFT($J42, (FIND("" "", $J42, 1) - 1)), 0)), VALUE(IF(REGEX"&"MATCH($L42, "" ""), LEFT($L42, (FIND("" "", $L42, 1) - 1)), 0)), VALUE(IF(REGEXMATCH($N42, "" ""), LEFT($N42, (FIND("" "", $N42, 1) - 1)), 0)), VALUE(IF(REGEXMATCH($P42, "" ""), LEFT($P42, (FIND("" "", $P42, 1) - 1)), 0)), VALUE(IF(REGEXMATCH($R42, "" "")"&", LEFT($R42, (FIND("" "", $R42, 1) - 1)), 0)), VALUE(IF(REGEXMATCH($T42, "" ""), LEFT($T42, (FIND("" "", $T42, 1) - 1)), 0)), VALUE(IF(REGEXMATCH($V42, "" ""), LEFT($V42, (FIND("" "", $V42, 1) - 1)), 0)))"),10.4) -> 10.4 | X42: =$W42*1.25 -> 13
A43: 44 | B43: 160118733164 | C43: Ranganath Venkata Machavaram | W43: =IFERROR(__xludf.DUMMYFUNCTION("MAX(VALUE(IF(REGEXMATCH($F43, "" ""), LEFT($F43, (FIND("" "", $F43, 1) - 1)), 0)), VALUE(IF(REGEXMATCH($H43, "" ""), LEFT($H43, (FIND("" "", $H43, 1) - 1)), 0)), VALUE(IF(REGEXMATCH($J43, "" ""), LEFT($J43, (FIND("" "", $J43, 1) - 1)), 0)), VALUE(IF(REGEX"&"MATCH($L43, "" ""), LEFT($L43, (FIND("" "", $L43, 1) - 1)), 0)), VALUE(IF(REGEXMATCH($N43, "" ""), LEFT($N43, (FIND("" "", $N43, 1) - 1)), 0)), VALUE(IF(REGEXMATCH($P43, "" ""), LEFT($P43, (FIND("" "", $P43, 1) - 1)), 0)), VALUE(IF(REGEXMATCH($R43, "" "")"&", LEFT($R43, (FIND("" "", $R43, 1) - 1)), 0)), VALUE(IF(REGEXMATCH($T43, "" ""), LEFT($T43, (FIND("" "", $T43, 1) - 1)), 0)), VALUE(IF(REGEXMATCH($V43, "" ""), LEFT($V43, (FIND("" "", $V43, 1) - 1)), 0)))"),0.0) -> 0 | X43: =$W43*1.25 -> 0
A44: 45 | B44: 160118733165 | C44: Rithik Kotha | D44: YES | E44: JPMC | F44: 14 LPA | W44: =IFERROR(__xludf.DUMMYFUNCTION("MAX(VALUE(IF(REGEXMATCH($F44, "" ""), LEFT($F44, (FIND("" "", $F44, 1) - 1)), 0)), VALUE(IF(REGEXMATCH($H44, "" ""), LEFT($H44, (FIND("" "", $H44, 1) - 1)), 0)), VALUE(IF(REGEXMATCH($J44, "" ""), LEFT($J44, (FIND("" "", $J44, 1) - 1)), 0)), VALUE(IF(REGEX"&"MATCH($L44, "" ""), LEFT($L44, (FIND("" "", $L44, 1) - 1)), 0)), VALUE(IF(REGEXMATCH($N44, "" ""), LEFT($N44, (FIND("" "", $N44, 1) - 1)), 0)), VALUE(IF(REGEXMATCH($P44, "" ""), LEFT($P44, (FIND("" "", $P44, 1) - 1)), 0)), VALUE(IF(REGEXMATCH($R44, "" "")"&", LEFT($R44, (FIND("" "", $R44, 1) - 1)), 0)), VALUE(IF(REGEXMATCH($T44, "" ""), LEFT($T44, (FIND("" "", $T44, 1) - 1)), 0)), VALUE(IF(REGEXMATCH($V44, "" ""), LEFT($V44, (FIND("" "", $V44, 1) - 1)), 0)))"),14.0) -> 14 | X44: =$W44*1.25 -> 17.5
A45: 46 | B45: 160118733166 | C45: Kesireddy Rohit Reddy | E45: Barclays | F45: 12.73 LPA | G45: Accenture (ASE) | H45: 4.5 LPA | I45: Infosys (DSE) | J45: 6.25 LPA | W45: =IFERROR(__xludf.DUMMYFUNCTION("MAX(VALUE(IF(REGEXMATCH($F45, "" ""), LEFT($F45, (FIND("" "", $F45, 1) - 1)), 0)), VALUE(IF(REGEXMATCH($H45, "" ""), LEFT($H45, (FIND("" "", $H45, 1) - 1)), 0)), VALUE(IF(REGEXMATCH($J45, "" ""), LEFT($J45, (FIND("" "", $J45, 1) - 1)), 0)), VALUE(IF(REGEX"&"MATCH($L45, "" ""), LEFT($L45, (FIND("" "", $L45, 1) - 1)), 0)), VALUE(IF(REGEXMATCH($N45, "" ""), LEFT($N45, (FIND("" "", $N45, 1) - 1)), 0)), VALUE(IF(REGEXMATCH($P45, "" ""), LEFT($P45, (FIND("" "", $P45, 1) - 1)), 0)), VALUE(IF(REGEXMATCH($R45, "" "")"&", LEFT($R45, (FIND("" "", $R45, 1) - 1)), 0)), VALUE(IF(REGEXMATCH($T45, "" ""), LEFT($T45, (FIND("" "", $T45, 1) - 1)), 0)), VALUE(IF(REGEXMATCH($V45, "" ""), LEFT($V45, (FIND("" "", $V45, 1) - 1)), 0)))"),12.73) -> 12.73 | X45: =$W45*1.25 -> 15.9125
A46: 47 | B46: 160118733167 | C46: Sai Chandra Pothuri | D46: YES | E46: Oracle (GBU) | F46: 16.64 LPA | W46: =IFERROR(__xludf.DUMMYFUNCTION("MAX(VALUE(IF(REGEXMATCH($F46, "" ""), LEFT($F46, (FIND("" "", $F46, 1) - 1)), 0)), VALUE(IF(REGEXMATCH($H46, "" ""), LEFT($H46, (FIND("" "", $H46, 1) - 1)), 0)), VALUE(IF(REGEXMATCH($J46, "" ""), LEFT($J46, (FIND("" "", $J46, 1) - 1)), 0)), VALUE(IF(REGEX"&"MATCH($L46, "" ""), LEFT($L46, (FIND("" "", $L46, 1) - 1)), 0)), VALUE(IF(REGEXMATCH($N46, "" ""), LEFT($N46, (FIND("" "", $N46, 1) - 1)), 0)), VALUE(IF(REGEXMATCH($P46, "" ""), LEFT($P46, (FIND("" "", $P46, 1) - 1)), 0)), VALUE(IF(REGEXMATCH($R46, "" "")"&", LEFT($R46, (FIND("" "", $R46, 1) - 1)), 0)), VALUE(IF(REGEXMATCH($T46, "" ""), LEFT($T46, (FIND("" "", $T46, 1) - 1)), 0)), VALUE(IF(REGEXMATCH($V46, "" ""), LEFT($V46, (FIND("" "", $V46, 1) - 1)), 0)))"),16.64) -> 16.64 | X46: =$W46*1.25 -> 20.8
A47: 48 | B47: 160118733168 | C47: Dachepally Sai kiran | D47: YES | E47: Infosys (SE) | F47: 3.6 LPA | G47: Keka | H47: 7 LPA | I47: DBS | J47: 8.5 LPA | K47: Head Digital Works | L47: 12 LPA | W47: =IFERROR(__xludf.DUMMYFUNCTION("MAX(VALUE(IF(REGEXMATCH($F47, "" ""), LEFT($F47, (FIND("" "", $F47, 1) - 1)), 0)), VALUE(IF(REGEXMATCH($H47, "" ""), LEFT($H47, (FIND("" "", $H47, 1) - 1)), 0)), VALUE(IF(REGEXMATCH($J47, "" ""), LEFT($J47, (FIND("" "", $J47, 1) - 1)), 0)), VALUE(IF(REGEX"&"MATCH($L47, "" ""), LEFT($L47, (FIND("" "", $L47, 1) - 1)), 0)), VALUE(IF(REGEXMATCH($N47, "" ""), LEFT($N47, (FIND("" "", $N47, 1) - 1)), 0)), VALUE(IF(REGEXMATCH($P47, "" ""), LEFT($P47, (FIND("" "", $P47, 1) - 1)), 0)), VALUE(IF(REGEXMATCH($R47, "" "")"&", LEFT($R47, (FIND("" "", $R47, 1) - 1)), 0)), VALUE(IF(REGEXMATCH($T47, "" ""), LEFT($T47, (FIND("" "", $T47, 1) - 1)), 0)), VALUE(IF(REGEXMATCH($V47, "" ""), LEFT($V47, (FIND("" "", $V47, 1) - 1)), 0)))"),12.0) -> 12 | X47: =$W47*1.25 -> 15
A48: 49 | B48: 160118733169 | C48: Sai Kiran Parimi | D48: YES | E48: Frugal Testing | F48: 5 LPA | G48: Oracle (FSGBU) | H48: 16.64 LPA | I48: Cognizant GenC | J48: 4 LPA | W48: =IFERROR(__xludf.DUMMYFUNCTION("MAX(VALUE(IF(REGEXMATCH($F48, "" ""), LEFT($F48, (FIND("" "", $F48, 1) - 1)), 0)), VALUE(IF(REGEXMATCH($H48, "" ""), LEFT($H48, (FIND("" "", $H48, 1) - 1)), 0)), VALUE(IF(REGEXMATCH($J48, "" ""), LEFT($J48, (FIND("" "", $J48, 1) - 1)), 0)), VALUE(IF(REGEX"&"MATCH($L48, "" ""), LEFT($L48, (FIND("" "", $L48, 1) - 1)), 0)), VALUE(IF(REGEXMATCH($N48, "" ""), LEFT($N48, (FIND("" "", $N48, 1) - 1)), 0)), VALUE(IF(REGEXMATCH($P48, "" ""), LEFT($P48, (FIND("" "", $P48, 1) - 1)), 0)), VALUE(IF(REGEXMATCH($R48, "" "")"&", LEFT($R48, (FIND("" "", $R48, 1) - 1)), 0)), VALUE(IF(REGEXMATCH($T48, "" ""), LEFT($T48, (FIND("" "", $T48, 1) - 1)), 0)), VALUE(IF(REGEXMATCH($V48, "" ""), LEFT($V48, (FIND("" "", $V48, 1) - 1)), 0)))"),16.64) -> 16.64 | X48: =$W48*1.25 -> 20.8
A49: 50 | B49: 160118733170 | C49: PANASA SAI PAVAN | D49: YES | E49: Capgemini (Analyst) | F49: 4 LPA | G49: Wipro | H49: 3.5 LPA | I49: Samsung (internship) | J49: 30k | W49: =IFERROR(__xludf.DUMMYFUNCTION("MAX(VALUE(IF(REGEXMATCH($F49, "" ""), LEFT($F49, (FIND("" "", $F49, 1) - 1)), 0)), VALUE(IF(REGEXMATCH($H49, "" ""), LEFT($H49, (FIND("" "", $H49, 1) - 1)), 0)), VALUE(IF(REGEXMATCH($J49, "" ""), LEFT($J49, (FIND("" "", $J49, 1) - 1)), 0)), VALUE(IF(REGEX"&"MATCH($L49, "" ""), LEFT($L49, (FIND("" "", $L49, 1) - 1)), 0)), VALUE(IF(REGEXMATCH($N49, "" ""), LEFT($N49, (FIND("" "", $N49, 1) - 1)), 0)), VALUE(IF(REGEXMATCH($P49, "" ""), LEFT($P49, (FIND("" "", $P49, 1) - 1)), 0)), VALUE(IF(REGEXMATCH($R49, "" "")"&", LEFT($R49, (FIND("" "", $R49, 1) - 1)), 0)), VALUE(IF(REGEXMATCH($T49, "" ""), LEFT($T49, (FIND("" "", $T49, 1) - 1)), 0)), VALUE(IF(REGEXMATCH($V49, "" ""), LEFT($V49, (FIND("" "", $V49, 1) - 1)), 0)))"),4.0) -> 4 | X49: =$W49*1.25 -> 5
A50: 51 | B50: 160118733171 | C50: Sai Sanjeev Kumar Reddy Boppidi | E50: Deloitte (Tax) | F50: 7.6 LPA | W50: =IFERROR(__xludf.DUMMYFUNCTION("MAX(VALUE(IF(REGEXMATCH($F50, "" ""), LEFT($F50, (FIND("" "", $F50, 1) - 1)), 0)), VALUE(IF(REGEXMATCH($H50, "" ""), LEFT($H50, (FIND("" "", $H50, 1) - 1)), 0)), VALUE(IF(REGEXMATCH($J50, "" ""), LEFT($J50, (FIND("" "", $J50, 1) - 1)), 0)), VALUE(IF(REGEX"&"MATCH($L50, "" ""), LEFT($L50, (FIND("" "", $L50, 1) - 1)), 0)), VALUE(IF(REGEXMATCH($N50, "" ""), LEFT($N50, (FIND("" "", $N50, 1) - 1)), 0)), VALUE(IF(REGEXMATCH($P50, "" ""), LEFT($P50, (FIND("" "", $P50, 1) - 1)), 0)), VALUE(IF(REGEXMATCH($R50, "" "")"&", LEFT($R50, (FIND("" "", $R50, 1) - 1)), 0)), VALUE(IF(REGEXMATCH($T50, "" ""), LEFT($T50, (FIND("" "", $T50, 1) - 1)), 0)), VALUE(IF(REGEXMATCH($V50, "" ""), LEFT($V50, (FIND("" "", $V50, 1) - 1)), 0)))"),7.6) -> 7.6 | X50: =$W50*1.25 -> 9.5
A51: 52 | B51: 160118733172 | C51: K Sai Shashank | D51: YES | E51: Oracle (FSGBU) | F51: 16.64 LPA | W51: =IFERROR(__xludf.DUMMYFUNCTION("MAX(VALUE(IF(REGEXMATCH($F51, "" ""), LEFT($F51, (FIND("" "", $F51, 1) - 1)), 0)), VALUE(IF(REGEXMATCH($H51, "" ""), LEFT($H51, (FIND("" "", $H51, 1) - 1)), 0)), VALUE(IF(REGEXMATCH($J51, "" ""), LEFT($J51, (FIND("" "", $J51, 1) - 1)), 0)), VALUE(IF(REGEX"&"MATCH($L51, "" ""), LEFT($L51, (FIND("" "", $L51, 1) - 1)), 0)), VALUE(IF(REGEXMATCH($N51, "" ""), LEFT($N51, (FIND("" "", $N51, 1) - 1)), 0)), VALUE(IF(REGEXMATCH($P51, "" ""), LEFT($P51, (FIND("" "", $P51, 1) - 1)), 0)), VALUE(IF(REGEXMATCH($R51, "" "")"&", LEFT($R51, (FIND("" "", $R51, 1) - 1)), 0)), VALUE(IF(REGEXMATCH($T51, "" ""), LEFT($T51, (FIND("" "", $T51, 1) - 1)), 0)), VALUE(IF(REGEXMATCH($V51, "" ""), LEFT($V51, (FIND("" "", $V51, 1) - 1)), 0)))"),16.64) -> 16.64 | X51: =$W51*1.25 -> 20.8
A52: 53 | B52: 160118733173 | C52: Sai Sumanth Korthiwada | D52: YES | E52: Accelerize 360 | F52: 7 LPA | G52: MathWorks | H52: 15 LPA | W52: =IFERROR(__xludf.DUMMYFUNCTION("MAX(VALUE(IF(REGEXMATCH($F52, "" ""), LEFT($F52, (FIND("" "", $F52, 1) - 1)), 0)), VALUE(IF(REGEXMATCH($H52, "" ""), LEFT($H52, (FIND("" "", $H52, 1) - 1)), 0)), VALUE(IF(REGEXMATCH($J52, "" ""), LEFT($J52, (FIND("" "", $J52, 1) - 1)), 0)), VALUE(IF(REGEX"&"MATCH($L52, "" ""), LEFT($L52, (FIND("" "", $L52, 1) - 1)), 0)), VALUE(IF(REGEXMATCH($N52, "" ""), LEFT($N52, (FIND("" "", $N52, 1) - 1)), 0)), VALUE(IF(REGEXMATCH($P52, "" ""), LEFT($P52, (FIND("" "", $P52, 1) - 1)), 0)), VALUE(IF(REGEXMATCH($R52, "" "")"&", LEFT($R52, (FIND("" "", $R52, 1) - 1)), 0)), VALUE(IF(REGEXMATCH($T52, "" ""), LEFT($T52, (FIND("" "", $T52, 1) - 1)), 0)), VALUE(IF(REGEXMATCH($V52, "" ""), LEFT($V52, (FIND("" "", $V52, 1) - 1)), 0)))"),15.0) -> 15 | X52: =$W52*1.25 -> 18.75
A53: 54 | B53: 160118733174 | C53: Shrikar Reddy Kota | E53: Deloitte (Consulting) | F53: 7.6 LPA | G53: Barclays | H53: 12.73 LPA | W53: =IFERROR(__xludf.DUMMYFUNCTION("MAX(VALUE(IF(REGEXMATCH($F53, "" ""), LEFT($F53, (FIND("" "", $F53, 1) - 1)), 0)), VALUE(IF(REGEXMATCH($H53, "" ""), LEFT($H53, (FIND("" "", $H53, 1) - 1)), 0)), VALUE(IF(REGEXMATCH($J53, "" ""), LEFT($J53, (FIND("" "", $J53, 1) - 1)), 0)), VALUE(IF(REGEX"&"MATCH($L53, "" ""), LEFT($L53, (FIND("" "", $L53, 1) - 1)), 0)), VALUE(IF(REGEXMATCH($N53, "" ""), LEFT($N53, (FIND("" "", $N53, 1) - 1)), 0)), VALUE(IF(REGEXMATCH($P53, "" ""), LEFT($P53, (FIND("" "", $P53, 1) - 1)), 0)), VALUE(IF(REGEXMATCH($R53, "" "")"&", LEFT($R53, (FIND("" "", $R53, 1) - 1)), 0)), VALUE(IF(REGEXMATCH($T53, "" ""), LEFT($T53, (FIND("" "", $T53, 1) - 1)), 0)), VALUE(IF(REGEXMATCH($V53, "" ""), LEFT($V53, (FIND("" "", $V53, 1) - 1)), 0)))"),12.73) -> 12.73 | X53: =$W53*1.25 -> 15.9125
